Date,Category,Description,Amount,Type
6/1/2024,Food,Sapi,"15,000.00",Expense
6/1/2024,Utilities,Galon,"19,000.00",Expense
6/1/2024,Mobile Phone,Pulsa,"20,000.00",Expense
6/2/2024,Groceries,Bahan makanan,"56,000.00",Expense
6/2/2024,Rent,Bayar kost,"1,000,000.00",Expense
6/2/2024,Entertainment,IQiyl,"2,000.00",Expense
6/3/2024,Food,Ketoprak,"9,000.00",Expense
6/4/2024,Shopping,Sepatu,"35,000.00",Expense
6/4/2024,Other,Gaji Freelance,"100,000.00",Income
6/5/2024,Transportation,Top up Gopay,"50,000.00",Expense
6/6/2024,Food,Nasi padang,"13,000.00",Expense
6/6/2024,Other,Transferan Mamah,"2,500,000.00",Income
6/7/2024,Health,Obat kuat mental,"20,000.00",Expense
6/7/2024,Transportation,Bus,"3,000.00",Expense
6/8/2024,Food,Kelengkeng,"10,000.00",Expense
6/9/2024,Shopping,Bath bomb,"100,000.00",Expense
6/10/2024,Transportation,Bus,"3,000.00",Expense
6/10/2024,Health,Vitamin,"15,000.00",Expense
6/11/2024,Transportation,Bus,"10,000.00",Expense
6/12/2024,Groceries,Peralatan tulis,"62,000.00",Expense
6/13/2024,Food,Buah,"24,000.00",Expense
6/13/2024,Utilities,Saham BCA,"9,258.00",Expense
6/14/2024,Food,Sushi,"33,000.00",Expense
6/14/2024,Mobile Phone,Bayar tagihan listrik,"120,123.00",Expense
6/14/2024,Other,Utang bestie,"33,333.00",Income
6/15/2024,Transportation,Top up Gopay,"12,000.00",Expense
6/15/2024,Utilities,Galon,"19,000.00",Expense
6/15/2024,Food,Ayam,"17,000.00",Expense
6/16/2024,Food,Sapi,"27,500.00",Expense
6/17/2024,Entertainment,Album NCT,"120,000.00",Expense
6/17/2024,Utilities,Air PDAM,"17,000.00",Expense
6/18/2024,Food,Bakso ,"12,000.00",Expense
6/18/2024,Groceries,Jajan,"18,000.00",Expense
6/18/2024,Food,Pempek,"10,000.00",Expense
6/18/2024,Shopping,Baju lebaran,"200,000.00",Expense
6/19/2024,Mobile Phone,Service HP,"60,000.00",Expense
6/19/2024,Utilities,Gas,"19,000.00",Expense
6/20/2024,Food,Kue,"100,000.00",Expense
6/20/2024,Food,Ayam,"12,000.00",Expense
6/21/2024,Transportation,Bus,"2,500.00",Expense
6/21/2024,Utilities,Listrik,"11,000.00",Expense
6/22/2024,Transportation,Bus,"2,000.00",Expense
6/22/2024,Food,Kucing,"16,000.00",Expense
6/23/2024,Food,Pelet ikan,"5,000.00",Expense
6/23/2024,Other,Duplikat kunci kost,"20,000.00",Expense
6/23/2024,Entertainment,Koin TikTok,"50,000.00",Expense
6/23/2024,Transportation,Top up Gopay,"20,000.00",Expense
6/24/2024,Transportation,Bus,"2,500.00",Expense
6/24/2024,Shopping,Skincare,"44,000.00",Expense
6/24/2024,Food,Gohyong,"15,000.00",Expense
6/25/2024,Utilities,Galon,"19,000.00",Expense
6/26/2024,Groceries,Stok frozen food,"22,000.00",Expense
6/26/2024,Shopping,Jajan,"8,000.00",Expense
6/27/2024,Food,Roti,"3,000.00",Expense
6/28/2024,Food,Semur,"5,000.00",Expense
6/28/2024,Transportation,Bus,"2,000.00",Expense
6/28/2024,Entertainment,Iqiyl,"11,500.00",Expense
6/29/2024,Shopping,Shopee,"2,000.00",Expense
6/29/2024,Transportation,Bus,"3,500.00",Expense
6/30/2024,Utilities,Gas,"19,000.00",Expense
6/30/2024,Food,Tahu,"3,000.00",Expense
6/30/2024,Groceries,Bahan makanan,"31,000.00",Expense
6/30/2024,Utilities,Air PDAM,"11,000.00",Expense
6/30/2024,Food,Rusdi,"20,000.00",Expense
7/1/2024,Food,Warteg,"9,000.00",Expense
7/1/2024,Groceries,Belanja,"160,000.00",Expense
7/1/2024,Mobile Phone,Paket Internet,"40,000.00",Expense
7/2/2024,Shopping,Kemeja,"299,999.00",Expense
7/2/2024,Utilities,Galon,"21,000.00",Expense
7/3/2024,Food,Ayam Bakar,"8,000.00",Expense
7/4/2024,Other,Gaji Freelance,"400,000.00",Income
7/5/2024,Food,Roti,"18,000.00",Expense
7/5/2024,Transportation,Grab,"9,000.00",Expense
7/6/2024,Food,Ayam Geprek,"19,000.00",Expense
7/7/2024,Entertainment,Bioskop,"45,000.00",Expense
7/7/2024,Transportation,Grab,"30,000.00",Expense
7/8/2024,Transportation,Gojek,"14,000.00",Expense
7/9/2024,Food,Ikan Goreng,"18,000.00",Expense
7/9/2024,Food,Ikan Bakar,"15,000.00",Expense
7/9/2024,Transportation,Grab,"16,000.00",Expense
7/10/2024,Food,Sapi,"25,000.00",Expense
7/10/2024,Transportation,Gojek,"20,000.00",Expense
7/11/2024,Utilities,Laundry,"35,000.00",Expense
7/11/2024,Food,Bebek,"23,000.00",Expense
7/12/2024,Shopping,Kerudung,"120,000.00",Expense
7/13/2024,Food,Kambing,"35,000.00",Expense
7/13/2024,Transportation,Grab,"19,000.00",Expense
7/14/2024,Food,Telur,"5,000.00",Expense
7/14/2024,Entertainment,Wisata Alam,"25,000.00",Expense
7/15/2024,Food,Tahu tempe,"8,000.00",Expense
7/16/2024,Other,Gaji Freelance,"600,000.00",Income
7/16/2024,Utilities,Laundry,"30,000.00",Expense
7/17/2024,Food,Sapi,"30,000.00",Expense
7/18/2024,Transportation,Bus,"6,000.00",Expense
7/18/2024,Entertainment,Taman Bermain,"15,000.00",Expense
7/19/2024,Transportation,Grab,"18,000.00",Expense
7/19/2024,Health,Telur,"4,000.00",Expense
7/20/2024,Other,Gaji Freelance,"700,000.00",Income
7/20/2024,Food,Ayam Geprek,"26,000.00",Expense
7/20/2024,Utilities,Fotocopy,"20,000.00",Expense
7/21/2024,Other,Utang,"150,000.00",Expense
7/22/2024,Transportation,Bus,"6,000.00",Expense
7/22/2024,Mobile Phone,Paket Internet,"70,000.00",Expense
7/23/2024,Food,Ayam Bakar,"16,000.00",Expense
7/23/2024,Transportation,Gojek,"20,000.00",Expense
7/24/2024,Other,Sedekah,"100,000.00",Expense
7/24/2024,Transportation,Gojek,"18,000.00",Expense
7/24/2024,Food,Ayam Bakar,"16,000.00",Expense
7/25/2024,Transportation,Bus,"7,000.00",Expense
7/25/2024,Food,Ayam Bumbu,"12,000.00",Expense
7/26/2024,Utilities,Laundry,"30,000.00",Expense
7/26/2024,Food,Telur,"6,000.00",Expense
7/27/2024,Transportation,Grab,"17,000.00",Expense
7/28/2024,Utilities,Potong Rambut,"55,000.00",Expense
7/28/2024,Transportation,Gojek,"18,000.00",Expense
7/28/2024,Food,Kepiting,"60,000.00",Expense
7/29/2024,Transportation,Bus,"8,000.00",Expense
7/29/2024,Utilities,Galon,"21,000.00",Expense
7/29/2024,Utilities,Fotocopy,"15,000.00",Expense
7/30/2024,Transportation,Bus,"8,000.00",Expense
7/30/2024,Food,Udang,"20,000.00",Expense
7/31/2024,Health,Vitamin,"55,000.00",Expense
7/31/2024,Entertainment,Bioskop,"25,000.00",Expense
7/31/2024,Food,Cumi,"20,000.00",Expense
7/31/2024,Other,Samsung,"4,750,000.00",Expense
8/1/2024,Utilities,Galon,"19,000.00",Expense
8/2/2024,Food,Ayam,"17,000.00",Expense
8/3/2024,Food,Sapi,"30,000.00",Expense
8/2/2024,Entertainment,Togel,"1,000.00",Expense
8/2/2024,Other,Transfer,"1,000,000.00",Income
8/3/2024,Food,Bakso ,"12,000.00",Expense
8/3/2024,Groceries,Jajan,"18,000.00",Expense
8/3/2024,Food,Pempek,"10,000.00",Expense
8/3/2024,Shopping,Peniti,"5,000.00",Expense
8/4/2024,Mobile Phone,Service HP,"60,000.00",Expense
8/5/2024,Utilities,Gas,"19,000.00",Expense
8/5/2024,Food,Nasi,"15,000.00",Expense
8/5/2024,Food,Ayam,"12,000.00",Expense
8/6/2024,Transportation,Bus,"2,500.00",Expense
8/6/2024,Utilities,Listrik,"11,000.00",Expense
8/6/2024,Transportation,Bus,"2,000.00",Expense
8/7/2024,Food,Kucing,"16,000.00",Expense
8/7/2024,Food,Pelet ikan,"5,000.00",Expense
8/8/2024,Other,Duplikat kunci kost,"20,000.00",Expense
8/8/2024,Entertainment,Kupon,"1,000.00",Expense
8/8/2024,Transportation,Top up Gopay,"20,000.00",Expense
8/9/2024,Transportation,Bus,"2,500.00",Expense
8/9/2024,Shopping,Skincare,"44,000.00",Expense
8/10/2024,Food,Gohyong,"15,000.00",Expense
8/10/2024,Utilities,Galon,"19,000.00",Expense
8/10/2024,Groceries,Stok frozen food,"22,000.00",Expense
8/11/2024,Shopping,Jajan,"8,000.00",Expense
8/11/2024,Food,Roti,"3,000.00",Expense
8/12/2024,Food,Semur,"5,000.00",Expense
7/12/2024,Transportation,Bus,"2,000.00",Expense
6/12/2024,Entertainment,Iqiyl,"11,500.00",Expense
8/13/2024,Shopping,Shopee,"2,000.00",Expense
8/14/2024,Transportation,Bus,"3,500.00",Expense
8/14/2024,Utilities,Gas,"19,000.00",Expense
8/15/2024,Food,Tahu,"3,000.00",Expense
8/15/2024,Groceries,Bahan makanan,"31,000.00",Expense
8/16/2024,Utilities,Air PDAM,"11,000.00",Expense
8/16/2024,Utilities,Laundry,"1,000.00",Expense
8/17/2024,Food,Telur,"17,000.00",Expense
8/17/2024,Transportation,Grab,"12,000.00",Expense
8/18/2024,Utilities,Potong Rambut,"18,000.00",Expense
8/18/2024,Transportation,Gojek,"10,000.00",Expense
8/19/2024,Food,Kepiting,500.00,Expense
8/19/2024,Transportation,Bus,"60,000.00",Expense
8/20/2024,Utilities,Galon,"19,000.00",Expense
8/21/2024,Utilities,Fotocopy,"1,500.00",Expense
8/21/2024,Transportation,Bus,"12,000.00",Expense
8/22/2024,Food,Udang,"25,000.00",Expense
8/22/2024,Health,Vitamin,"11,000.00",Expense
8/23/2024,Entertainment,Bioskop,"2,000.00",Expense
8/23/2024,Food,Cumi,"20,000.00",Expense
8/24/2024,Utilities,Laundry,"35,000.00",Expense
8/24/2024,Food,Bebek,"23,000.00",Expense
8/24/2024,Shopping,Kerudung,"120,000.00",Expense
8/25/2024,Food,Kambing,"35,000.00",Expense
8/25/2024,Transportation,Grab,"19,000.00",Expense
8/25/2024,Food,Telur,"5,000.00",Expense
8/26/2024,Entertainment,Wisata Alam,"25,000.00",Expense
8/26/2024,Food,Tahu tempe,"8,000.00",Expense
8/27/2024,Other,Gaji Freelance,"600,000.00",Income
8/27/2024,Utilities,Laundry,"30,000.00",Expense
8/28/2024,Food,Sapi,"30,000.00",Expense
8/28/2024,Transportation,Bus,"6,000.00",Expense
8/28/2024,Entertainment,Taman Bermain,"15,000.00",Expense
8/28/2024,Transportation,Grab,"18,000.00",Expense
8/29/2024,Health,Telur,"4,000.00",Expense
8/29/2024,Food,Warteg,"9,000.00",Expense
8/29/2024,Groceries,Belanja,"160,000.00",Expense
8/30/2024,Mobile Phone,Paket Internet,"40,000.00",Expense
8/30/2024,Shopping,Kemeja,"299,999.00",Expense
8/31/2024,Utilities,Galon,"21,000.00",Expense
8/31/2024,Food,Ayam Bakar,"8,000.00",Expense
9/1/2024,Utilities,Galon,"60,814.00",Expense
9/1/2024,Food,Tahu,"190,731.00",Expense
9/1/2024,Mobile Phone,Paket Internet,"164,393.00",Expense
9/2/2024,Food,Ayam,"137,661.00",Expense
9/2/2024,Entertainment,Togel,"93,922.00",Expense
9/2/2024,Other,Transfer,"148,400.00",Income
9/2/2024,Groceries,Bahan makanan,"82,871.00",Expense
9/2/2024,Utilities,Laundry,"186,573.00",Expense
9/2/2024,Food,Telur,"59,044.00",Expense
9/2/2024,Shopping,Kemeja,"14,160.00",Expense
9/2/2024,Food,Ayam Bakar,"106,451.00",Expense
9/3/2024,Food,Sapi,"44,402.00",Expense
9/3/2024,Food,Bakso ,"101,458.00",Expense
9/3/2024,Groceries,Jajan,"93,751.00",Expense
9/3/2024,Utilities,Air PDAM,"163,318.00",Expense
9/3/2024,Transportation,Grab,"101,831.00",Expense
9/3/2024,Utilities,Potong Rambut,"69,955.00",Expense
9/3/2024,Utilities,Galon,"174,932.00",Expense
9/4/2024,Food,Pempek,"69,827.00",Expense
9/4/2024,Transportation,Gojek,"70,881.00",Expense
9/5/2024,Shopping,Peniti,"132,481.00",Expense
9/5/2024,Food,Kepiting,"131,259.00",Expense
9/6/2024,Mobile Phone,Service HP,"112,196.00",Expense
9/6/2024,Transportation,Bus,"101,344.00",Expense
9/7/2024,Utilities,Gas,"198,922.00",Expense
9/7/2024,Utilities,Galon,"139,815.00",Expense
9/8/2024,Food,Nasi,"190,661.00",Expense
9/8/2024,Utilities,Fotocopy,"183,698.00",Expense
9/9/2024,Food,Ayam,"111,928.00",Expense
9/9/2024,Transportation,Bus,"140,839.00",Expense
9/10/2024,Transportation,Bus,"41,961.00",Expense
9/10/2024,Food,Udang,"32,184.00",Expense
9/11/2024,Utilities,Listrik,"119,809.00",Expense
9/11/2024,Health,Vitamin,"197,414.00",Expense
9/12/2024,Transportation,Bus,"21,146.00",Expense
9/12/2024,Entertainment,Bioskop,"55,098.00",Expense
9/13/2024,Food,Kucing,"132,947.00",Expense
9/13/2024,Food,Cumi,"32,228.00",Expense
9/14/2024,Food,Pelet ikan,"27,783.00",Expense
9/14/2024,Utilities,Laundry,"74,948.00",Expense
9/15/2024,Other,Duplikat kunci kost,"36,152.00",Expense
9/15/2024,Food,Bebek,"30,969.00",Expense
9/16/2024,Entertainment,Kupon,"102,609.00",Expense
9/16/2024,Shopping,Kerudung,"145,851.00",Expense
9/17/2024,Transportation,Top up Gopay,"63,613.00",Expense
9/17/2024,Food,Kambing,"72,091.00",Expense
9/18/2024,Transportation,Bus,"101,555.00",Expense
9/18/2024,Transportation,Grab,"140,443.00",Expense
9/19/2024,Shopping,Skincare,"184,857.00",Expense
9/19/2024,Food,Telur,"113,524.00",Expense
9/20/2024,Food,Gohyong,"132,849.00",Expense
9/20/2024,Entertainment,Wisata Alam,"111,596.00",Expense
9/21/2024,Utilities,Galon,"8,217.00",Expense
9/21/2024,Food,Tahu tempe,"155,423.00",Expense
9/22/2024,Groceries,Stok frozen food,"192,619.00",Expense
9/22/2024,Other,Gaji Freelance,"105,466.00",Income
9/23/2024,Shopping,Jajan,"169,841.00",Expense
9/23/2024,Utilities,Laundry,"53,157.00",Expense
9/24/2024,Food,Roti,"50,972.00",Expense
9/24/2024,Food,Sapi,"98,718.00",Expense
9/25/2024,Food,Semur,"177,186.00",Expense
9/25/2024,Transportation,Bus,"53,608.00",Expense
9/26/2024,Transportation,Bus,"59,086.00",Expense
9/26/2024,Entertainment,Taman Bermain,"174,325.00",Expense
9/27/2024,Entertainment,Iqiyl,"53,302.00",Expense
9/27/2024,Transportation,Grab,"82,255.00",Expense
9/28/2024,Shopping,Shopee,"168,215.00",Expense
9/28/2024,Health,Telur,"103,977.00",Expense
9/29/2024,Transportation,Bus,"147,924.00",Expense
9/29/2024,Food,Warteg,"159,699.00",Expense
9/30/2024,Utilities,Gas,"90,847.00",Expense
9/30/2024,Groceries,Belanja,"110,974.00",Expense
10/1/2024,Utilities,Galon,"35,828.00",Expense
10/1/2024,Shopping,Shopee,"60,715.00",Expense
10/1/2024,Transportation,Bus,"39,919.00",Expense
10/2/2024,Food,Ayam,"57,718.00",Expense
10/2/2024,Transportation,Bus,"58,492.00",Expense
10/2/2024,Entertainment,Taman Bermain,"69,734.00",Expense
10/3/2024,Food,Sapi,"87,047.00",Expense
10/3/2024,Utilities,Gas,"43,321.00",Expense
10/3/2024,Transportation,Grab,"67,772.00",Expense
10/4/2024,Entertainment,Togel,"53,223.00",Expense
10/4/2024,Food,Tahu,"94,812.00",Expense
10/4/2024,Health,Telur,"96,127.00",Expense
10/5/2024,Other,Transfer,"23,461.00",Income
10/5/2024,Groceries,Bahan makanan,"95,112.00",Expense
10/5/2024,Food,Warteg,"72,972.00",Expense
10/6/2024,Food,Bakso ,"71,850.00",Expense
10/6/2024,Utilities,Air PDAM,"18,820.00",Expense
10/6/2024,Groceries,Belanja,"69,773.00",Expense
10/7/2024,Groceries,Jajan,"94,366.00",Expense
10/7/2024,Utilities,Laundry,"56,586.00",Expense
10/7/2024,Mobile Phone,Paket Internet,"33,005.00",Expense
10/8/2024,Food,Pempek,"80,953.00",Expense
10/8/2024,Food,Telur,"66,042.00",Expense
10/8/2024,Shopping,Kemeja,"60,726.00",Expense
10/9/2024,Shopping,Peniti,"63,062.00",Expense
10/9/2024,Transportation,Grab,"28,735.00",Expense
10/9/2024,Utilities,Galon,"46,704.00",Expense
10/10/2024,Mobile Phone,Service HP,"74,602.00",Expense
10/10/2024,Utilities,Potong Rambut,"42,293.00",Expense
10/10/2024,Food,Ayam Bakar,"95,052.00",Expense
10/11/2024,Utilities,Gas,"31,116.00",Expense
10/11/2024,Transportation,Gojek,"31,362.00",Expense
10/12/2024,Food,Nasi,"89,546.00",Expense
10/12/2024,Food,Kepiting,"56,371.00",Expense
10/13/2024,Food,Ayam,"71,246.00",Expense
10/13/2024,Transportation,Bus,"78,330.00",Expense
10/14/2024,Transportation,Bus,"97,026.00",Expense
10/14/2024,Utilities,Galon,"48,186.00",Expense
10/15/2024,Utilities,Listrik,"23,416.00",Expense
10/15/2024,Utilities,Fotocopy,"76,718.00",Expense
10/16/2024,Transportation,Bus,"22,624.00",Expense
10/16/2024,Transportation,Bus,"89,614.00",Expense
10/17/2024,Food,Kucing,"30,478.00",Expense
10/17/2024,Food,Udang,"90,993.00",Expense
10/18/2024,Food,Pelet ikan,"46,406.00",Expense
10/18/2024,Health,Vitamin,"38,067.00",Expense
10/19/2024,Other,Duplikat kunci kost,"58,132.00",Expense
10/19/2024,Entertainment,Bioskop,"83,394.00",Expense
10/20/2024,Entertainment,Kupon,"89,914.00",Expense
10/20/2024,Food,Cumi,"23,293.00",Expense
10/21/2024,Transportation,Top up Gopay,"24,907.00",Expense
10/21/2024,Utilities,Laundry,"56,179.00",Expense
10/22/2024,Transportation,Bus,"91,254.00",Expense
10/22/2024,Food,Bebek,"17,274.00",Expense
10/23/2024,Shopping,Skincare,"46,039.00",Expense
10/23/2024,Shopping,Kerudung,"53,985.00",Expense
10/24/2024,Food,Gohyong,"28,536.00",Expense
10/24/2024,Food,Kambing,"81,534.00",Expense
10/25/2024,Utilities,Galon,"72,481.00",Expense
10/25/2024,Transportation,Grab,"41,400.00",Expense
10/26/2024,Groceries,Stok frozen food,"89,179.00",Expense
10/26/2024,Food,Telur,"96,163.00",Expense
10/27/2024,Shopping,Jajan,"17,668.00",Expense
10/27/2024,Entertainment,Wisata Alam,"96,289.00",Expense
10/28/2024,Food,Roti,"22,828.00",Expense
10/28/2024,Food,Tahu tempe,"35,546.00",Expense
10/29/2024,Food,Semur,"16,259.00",Expense
10/29/2024,Other,Gaji Freelance,"77,724.00",Income
10/30/2024,Transportation,Bus,"61,221.00",Expense
10/30/2024,Utilities,Laundry,"24,224.00",Expense
10/31/2024,Entertainment,Iqiyl,"71,065.00",Expense
10/31/2024,Food,Sapi,"68,466.00",Expense
11/1/2024,Utilities,Galon,"102,006.00",Expense
11/1/2024,Entertainment,Iqiyl,"76,178.00",Expense
11/1/2024,Utilities,Laundry,"144,785.00",Expense
11/2/2024,Food,Ayam,"128,014.00",Expense
11/2/2024,Shopping,Shopee,"67,374.00",Expense
11/2/2024,Food,Sapi,"19,132.00",Expense
11/3/2024,Food,Sapi,"57,708.00",Expense
11/3/2024,Transportation,Bus,"90,532.00",Expense
11/3/2024,Transportation,Bus,"97,059.00",Expense
11/4/2024,Entertainment,Togel,"61,342.00",Expense
11/4/2024,Utilities,Gas,"51,913.00",Expense
11/4/2024,Entertainment,Taman Bermain,"136,902.00",Expense
11/5/2024,Other,Transfer,"129,695.00",Income
11/5/2024,Food,Tahu,"101,951.00",Expense
11/5/2024,Transportation,Grab,"114,815.00",Expense
11/6/2024,Food,Bakso ,"64,338.00",Expense
11/6/2024,Groceries,Bahan makanan,"103,200.00",Expense
11/6/2024,Health,Telur,"97,154.00",Expense
11/7/2024,Groceries,Jajan,"139,946.00",Expense
11/7/2024,Utilities,Air PDAM,"81,062.00",Expense
11/7/2024,Food,Warteg,"81,580.00",Expense
11/8/2024,Food,Pempek,"115,962.00",Expense
11/8/2024,Utilities,Laundry,"29,149.00",Expense
11/8/2024,Groceries,Belanja,"113,911.00",Expense
11/9/2024,Shopping,Peniti,"135,860.00",Expense
11/9/2024,Food,Telur,"79,942.00",Expense
11/9/2024,Mobile Phone,Paket Internet,"110,316.00",Expense
11/10/2024,Mobile Phone,Service HP,"20,266.00",Expense
11/10/2024,Transportation,Grab,"117,613.00",Expense
11/10/2024,Shopping,Kemeja,"139,327.00",Expense
11/11/2024,Utilities,Gas,"102,228.00",Expense
11/11/2024,Utilities,Potong Rambut,"128,784.00",Expense
11/11/2024,Utilities,Galon,"122,132.00",Expense
11/12/2024,Food,Nasi,"38,155.00",Expense
11/12/2024,Transportation,Gojek,"138,875.00",Expense
11/12/2024,Food,Ayam Bakar,"143,382.00",Expense
11/13/2024,Food,Ayam,"56,228.00",Expense
11/13/2024,Food,Kepiting,"15,818.00",Expense
11/14/2024,Transportation,Bus,"15,699.00",Expense
11/14/2024,Transportation,Bus,"59,328.00",Expense
11/15/2024,Utilities,Listrik,"122,975.00",Expense
11/15/2024,Utilities,Galon,"121,373.00",Expense
11/16/2024,Transportation,Bus,"139,787.00",Expense
11/16/2024,Utilities,Fotocopy,"38,960.00",Expense
11/17/2024,Food,Kucing,"52,402.00",Expense
11/17/2024,Transportation,Bus,"140,458.00",Expense
11/18/2024,Food,Pelet ikan,"114,854.00",Expense
11/18/2024,Food,Udang,"137,712.00",Expense
11/19/2024,Other,Duplikat kunci kost,"63,245.00",Expense
11/19/2024,Health,Vitamin,"32,395.00",Expense
11/20/2024,Entertainment,Kupon,"110,199.00",Expense
11/20/2024,Entertainment,Bioskop,"98,577.00",Expense
11/21/2024,Transportation,Top up Gopay,"116,256.00",Expense
11/21/2024,Food,Cumi,"87,260.00",Expense
11/22/2024,Transportation,Bus,"30,369.00",Expense
11/22/2024,Utilities,Laundry,"25,007.00",Expense
11/23/2024,Shopping,Skincare,"94,474.00",Expense
11/23/2024,Food,Bebek,"99,219.00",Expense
11/24/2024,Food,Gohyong,"99,354.00",Expense
11/24/2024,Shopping,Kerudung,"118,470.00",Expense
11/25/2024,Utilities,Galon,"139,981.00",Expense
11/25/2024,Food,Kambing,"93,382.00",Expense
11/26/2024,Groceries,Stok frozen food,"59,457.00",Expense
11/26/2024,Transportation,Grab,"87,494.00",Expense
11/27/2024,Shopping,Jajan,"90,302.00",Expense
11/27/2024,Food,Telur,"58,684.00",Expense
11/28/2024,Food,Roti,"60,811.00",Expense
11/28/2024,Entertainment,Wisata Alam,"140,022.00",Expense
11/29/2024,Food,Semur,"70,518.00",Expense
11/29/2024,Food,Tahu tempe,"88,979.00",Expense
11/30/2024,Transportation,Bus,"122,583.00",Expense
11/30/2024,Other,Gaji Freelance,"60,215.00",Income
12/1/2024,Utilities,Galon,"14,364.00",Expense
12/1/2024,Shopping,Shopee,"35,045.00",Expense
12/1/2024,Transportation,Bus,"8,648.00",Expense
12/2/2024,Food,Ayam,"39,335.00",Expense
12/2/2024,Transportation,Bus,"22,115.00",Expense
12/2/2024,Entertainment,Taman Bermain,"62,370.00",Expense
12/3/2024,Food,Sapi,"69,395.00",Expense
12/3/2024,Utilities,Gas,"29,508.00",Expense
12/3/2024,Transportation,Grab,"76,217.00",Expense
12/4/2024,Entertainment,Togel,"7,732.00",Expense
12/4/2024,Food,Tahu,"33,198.00",Expense
12/4/2024,Health,Telur,"45,691.00",Expense
12/5/2024,Other,Transfer,"10,633.00",Income
12/5/2024,Groceries,Bahan makanan,"80,526.00",Expense
12/5/2024,Food,Warteg,"80,686.00",Expense
12/6/2024,Food,Bakso ,"30,153.00",Expense
12/6/2024,Utilities,Air PDAM,"53,428.00",Expense
12/6/2024,Groceries,Belanja,"76,847.00",Expense
12/7/2024,Groceries,Jajan,875.00,Expense
12/7/2024,Utilities,Laundry,"91,652.00",Expense
12/7/2024,Mobile Phone,Paket Internet,"9,850.00",Expense
12/8/2024,Food,Pempek,"39,836.00",Expense
12/8/2024,Food,Telur,"46,079.00",Expense
12/8/2024,Shopping,Kemeja,"24,466.00",Expense
12/9/2024,Shopping,Peniti,"64,708.00",Expense
12/9/2024,Transportation,Grab,"82,626.00",Expense
12/9/2024,Utilities,Galon,"45,928.00",Expense
12/10/2024,Mobile Phone,Service HP,"8,701.00",Expense
12/10/2024,Utilities,Potong Rambut,"89,072.00",Expense
12/10/2024,Food,Ayam Bakar,"54,082.00",Expense
12/11/2024,Utilities,Gas,"49,598.00",Expense
12/11/2024,Transportation,Gojek,"99,246.00",Expense
12/12/2024,Food,Nasi,"84,169.00",Expense
12/12/2024,Food,Kepiting,"25,339.00",Expense
12/13/2024,Food,Ayam,"72,096.00",Expense
12/13/2024,Transportation,Bus,"54,331.00",Expense
12/14/2024,Transportation,Bus,"22,067.00",Expense
12/14/2024,Utilities,Galon,"40,301.00",Expense
12/15/2024,Utilities,Listrik,"59,063.00",Expense
12/15/2024,Utilities,Fotocopy,"26,323.00",Expense
12/16/2024,Transportation,Bus,"61,989.00",Expense
12/16/2024,Transportation,Bus,"66,327.00",Expense
12/17/2024,Food,Kucing,"24,834.00",Expense
12/17/2024,Food,Udang,"20,132.00",Expense
12/18/2024,Food,Pelet ikan,"92,345.00",Expense
12/18/2024,Health,Vitamin,"45,220.00",Expense
12/19/2024,Other,Duplikat kunci kost,"32,550.00",Expense
12/19/2024,Entertainment,Bioskop,"77,046.00",Expense
12/20/2024,Entertainment,Kupon,"25,271.00",Expense
12/20/2024,Food,Cumi,"55,881.00",Expense
12/21/2024,Transportation,Top up Gopay,"73,848.00",Expense
12/21/2024,Utilities,Laundry,"33,277.00",Expense
12/22/2024,Transportation,Bus,"98,676.00",Expense
12/22/2024,Food,Bebek,"67,630.00",Expense
12/23/2024,Shopping,Skincare,"73,719.00",Expense
12/23/2024,Shopping,Kerudung,"69,614.00",Expense
12/24/2024,Food,Gohyong,"87,949.00",Expense
12/24/2024,Food,Kambing,"74,644.00",Expense
12/25/2024,Utilities,Galon,"93,789.00",Expense
12/25/2024,Transportation,Grab,"66,804.00",Expense
12/26/2024,Groceries,Stok frozen food,"84,200.00",Expense
12/26/2024,Food,Telur,"79,822.00",Expense
12/27/2024,Shopping,Jajan,"36,310.00",Expense
12/27/2024,Entertainment,Wisata Alam,"45,114.00",Expense
12/28/2024,Food,Roti,"25,004.00",Expense
12/28/2024,Food,Tahu tempe,"17,568.00",Expense
12/29/2024,Food,Semur,"44,833.00",Expense
12/29/2024,Other,Gaji Freelance,"74,446.00",Income
12/30/2024,Transportation,Bus,"68,787.00",Expense
12/30/2024,Utilities,Laundry,"80,548.00",Expense
12/31/2024,Entertainment,Iqiyl,"92,452.00",Expense
12/31/2024,Food,Sapi,"22,938.00",Expense
1/1/2025,Utilities,Galon,"120,322.00",Expense
1/1/2025,Shopping,Shopee,"86,677.00",Expense
1/1/2025,Transportation,Bus,"136,813.00",Expense
1/2/2025,Food,Ayam,"19,769.00",Expense
1/2/2025,Transportation,Bus,"104,771.00",Expense
1/2/2025,Entertainment,Taman Bermain,"62,548.00",Expense
1/3/2025,Food,Sapi,"44,806.00",Expense
1/3/2025,Utilities,Gas,"134,757.00",Expense
1/3/2025,Transportation,Grab,"56,425.00",Expense
1/4/2025,Entertainment,Togel,"82,542.00",Expense
1/4/2025,Food,Tahu,"63,080.00",Expense
1/4/2025,Health,Telur,"97,723.00",Expense
1/5/2025,Other,Transfer,"47,105.00",Income
1/5/2025,Groceries,Bahan makanan,"138,153.00",Expense
1/5/2025,Food,Warteg,"131,947.00",Expense
1/6/2025,Food,Bakso ,"54,639.00",Expense
1/6/2025,Utilities,Air PDAM,"28,525.00",Expense
1/6/2025,Groceries,Belanja,"44,901.00",Expense
1/7/2025,Groceries,Jajan,"18,480.00",Expense
1/7/2025,Utilities,Laundry,"73,929.00",Expense
1/7/2025,Mobile Phone,Paket Internet,"104,907.00",Expense
1/8/2025,Food,Pempek,"105,274.00",Expense
1/8/2025,Food,Telur,"143,729.00",Expense
1/8/2025,Shopping,Kemeja,"90,198.00",Expense
1/9/2025,Shopping,Peniti,"98,169.00",Expense
1/9/2025,Transportation,Grab,"92,781.00",Expense
1/9/2025,Utilities,Galon,"79,074.00",Expense
1/10/2025,Mobile Phone,Service HP,"43,916.00",Expense
1/10/2025,Utilities,Potong Rambut,"33,861.00",Expense
1/10/2025,Food,Ayam Bakar,"66,384.00",Expense
1/11/2025,Utilities,Gas,"102,331.00",Expense
1/11/2025,Transportation,Gojek,"105,665.00",Expense
1/12/2025,Food,Nasi,"33,759.00",Expense
1/12/2025,Food,Kepiting,"96,778.00",Expense
1/13/2025,Food,Ayam,"133,996.00",Expense
1/13/2025,Transportation,Bus,"119,056.00",Expense
1/14/2025,Transportation,Bus,"65,397.00",Expense
1/14/2025,Utilities,Galon,"27,276.00",Expense
1/15/2025,Utilities,Listrik,"75,414.00",Expense
1/15/2025,Utilities,Fotocopy,"26,030.00",Expense
1/16/2025,Transportation,Bus,"49,727.00",Expense
1/16/2025,Transportation,Bus,"82,484.00",Expense
1/17/2025,Food,Kucing,"33,617.00",Expense
1/17/2025,Food,Udang,"81,884.00",Expense
1/18/2025,Food,Pelet ikan,"135,560.00",Expense
1/18/2025,Health,Vitamin,"37,276.00",Expense
1/19/2025,Other,Duplikat kunci kost,"112,020.00",Expense
1/19/2025,Entertainment,Bioskop,"95,050.00",Expense
1/20/2025,Entertainment,Kupon,"33,452.00",Expense
1/20/2025,Food,Cumi,"77,160.00",Expense
1/21/2025,Transportation,Top up Gopay,"92,300.00",Expense
1/21/2025,Utilities,Laundry,"88,477.00",Expense
1/22/2025,Transportation,Bus,"102,365.00",Expense
1/22/2025,Food,Bebek,"138,605.00",Expense
1/23/2025,Shopping,Skincare,"80,351.00",Expense
1/23/2025,Shopping,Kerudung,"15,236.00",Expense
1/24/2025,Food,Gohyong,"59,489.00",Expense
1/24/2025,Food,Kambing,"74,552.00",Expense
1/25/2025,Utilities,Galon,"138,432.00",Expense
1/25/2025,Transportation,Grab,"110,888.00",Expense
1/26/2025,Groceries,Stok frozen food,"127,431.00",Expense
1/26/2025,Food,Telur,"35,992.00",Expense
1/27/2025,Shopping,Jajan,"86,360.00",Expense
1/27/2025,Entertainment,Wisata Alam,"139,119.00",Expense
1/28/2025,Food,Roti,"83,187.00",Expense
1/28/2025,Food,Tahu tempe,"45,221.00",Expense
1/29/2025,Food,Semur,"16,932.00",Expense
1/29/2025,Other,Gaji Freelance,"135,147.00",Income
1/30/2025,Transportation,Bus,"40,210.00",Expense
1/30/2025,Utilities,Laundry,"120,200.00",Expense
1/31/2025,Entertainment,Iqiyl,"104,608.00",Expense
1/31/2025,Food,Sapi,"113,495.00",Expense
2/1/2025,Utilities,Galon,"192,677.00",Expense
2/1/2025,Shopping,Skincare,"129,050.00",Expense
2/1/2025,Transportation,Bus,"93,067.00",Expense
2/2/2025,Utilities,Gas,"59,272.00",Expense
2/2/2025,Transportation,Gojek,"64,247.00",Expense
2/2/2025,Health,Vitamin,"74,709.00",Expense
2/3/2025,Food,Ayam,"134,432.00",Expense
2/3/2025,Shopping,Kerudung,"38,253.00",Expense
2/3/2025,Utilities,Laundry,"28,293.00",Expense
2/4/2025,Food,Nasi,"27,617.00",Expense
2/4/2025,Health,Telur,"142,544.00",Expense
2/4/2025,Entertainment,Iqiyl,"137,070.00",Expense
2/5/2025,Food,Sapi,"157,998.00",Expense
2/5/2025,Food,Gohyong,"182,081.00",Expense
2/5/2025,Entertainment,Bioskop,"238,518.00",Expense
2/6/2025,Food,Ayam,"117,052.00",Expense
2/6/2025,Food,Kepiting,"21,038.00",Expense
2/6/2025,Food,Sapi,"239,477.00",Expense
2/7/2025,Entertainment,Togel,"64,240.00",Expense
2/7/2025,Food,Kambing,"61,099.00",Expense
2/7/2025,Shopping,Shopee,"179,734.00",Expense
2/8/2025,Transportation,Bus,"51,100.00",Expense
2/8/2025,Food,Warteg,"131,102.00",Expense
2/8/2025,Food,Cumi,"233,412.00",Expense
2/9/2025,Other,Transfer,"90,890.00",Income
2/9/2025,Utilities,Galon,"145,392.00",Expense
2/9/2025,Transportation,Bus,"225,475.00",Expense
2/10/2025,Utilities,Listrik,"160,738.00",Expense
2/10/2025,Transportation,Bus,"105,582.00",Expense
2/10/2025,Transportation,Bus,"133,321.00",Expense
2/11/2025,Food,Bakso ,"207,484.00",Expense
2/11/2025,Transportation,Grab,"30,392.00",Expense
2/11/2025,Utilities,Gas,"64,172.00",Expense
2/12/2025,Transportation,Bus,"142,911.00",Expense
2/12/2025,Groceries,Belanja,"238,312.00",Expense
2/12/2025,Food,Tahu,"84,780.00",Expense
2/13/2025,Groceries,Jajan,"131,625.00",Expense
2/13/2025,Groceries,Stok frozen food,"233,246.00",Expense
2/13/2025,Groceries,Bahan makanan,"159,579.00",Expense
2/14/2025,Food,Kucing,"83,916.00",Expense
2/14/2025,Utilities,Galon,"192,624.00",Expense
2/14/2025,Utilities,Air PDAM,"139,851.00",Expense
2/15/2025,Food,Pempek,"156,430.00",Expense
2/15/2025,Food,Telur,"176,284.00",Expense
2/15/2025,Utilities,Laundry,"45,110.00",Expense
2/16/2025,Food,Pelet ikan,"27,069.00",Expense
2/16/2025,Mobile Phone,Paket Internet,"63,634.00",Expense
2/16/2025,Food,Telur,"114,497.00",Expense
2/17/2025,Shopping,Peniti,"104,713.00",Expense
2/17/2025,Shopping,Jajan,"219,005.00",Expense
2/17/2025,Utilities,Galon,"108,275.00",Expense
2/18/2025,Other,Duplikat kunci kost,"165,476.00",Expense
2/18/2025,Utilities,Fotocopy,"101,008.00",Expense
2/18/2025,Utilities,Galon,"86,128.00",Expense
2/19/2025,Mobile Phone,Service HP,"145,220.00",Expense
2/19/2025,Entertainment,Wisata Alam,"145,307.00",Expense
2/19/2025,Food,Ayam,"62,104.00",Expense
2/20/2025,Entertainment,Kupon,"125,555.00",Expense
2/20/2025,Shopping,Kemeja,"18,872.00",Expense
2/20/2025,Utilities,Fotocopy,"85,497.00",Expense
2/21/2025,Transportation,Top up Gopay,"163,252.00",Expense
2/21/2025,Food,Roti,"153,359.00",Expense
2/21/2025,Food,Sapi,"53,113.00",Expense
2/22/2025,Transportation,Grab,"151,207.00",Expense
2/22/2025,Transportation,Bus,"73,049.00",Expense
2/22/2025,Transportation,Bus,"57,987.00",Expense
2/23/2025,Utilities,Laundry,"130,572.00",Expense
2/23/2025,Food,Tahu tempe,"192,313.00",Expense
2/23/2025,Entertainment,Togel,"88,802.00",Expense
2/24/2025,Entertainment,Taman Bermain,"176,421.00",Expense
2/24/2025,Utilities,Galon,"108,085.00",Expense
2/24/2025,Food,Udang,"50,279.00",Expense
2/25/2025,Transportation,Bus,"177,257.00",Expense
2/25/2025,Food,Semur,"66,817.00",Expense
2/25/2025,Other,Transfer,"55,979.00",Income
2/26/2025,Utilities,Potong Rambut,"175,860.00",Expense
2/26/2025,Food,Udang,"179,713.00",Expense
2/26/2025,Health,Vitamin,"72,204.00",Expense
2/27/2025,Food,Bebek,"150,878.00",Expense
2/27/2025,Other,Gaji Freelance,"21,944.00",Income
2/27/2025,Food,Bakso ,"111,997.00",Expense
2/28/2025,Transportation,Grab,"171,746.00",Expense
2/28/2025,Food,Ayam Bakar,"69,251.00",Expense
2/28/2025,Entertainment,Bioskop,"71,474.00",Expense
3/1/2025,Utilities,Galon,"90,336.00",Expense
3/1/2025,Other,Gaji Freelance,"77,563.00",Income
3/1/2025,Utilities,Galon,"101,624.00",Expense
3/2/2025,Utilities,Galon,"115,570.00",Expense
3/2/2025,Food,Kucing,"90,661.00",Expense
3/2/2025,Food,Roti,"70,631.00",Expense
3/3/2025,Food,Ayam,"76,137.00",Expense
3/3/2025,Utilities,Laundry,"117,367.00",Expense
3/3/2025,Utilities,Potong Rambut,"70,855.00",Expense
3/4/2025,Utilities,Fotocopy,"82,223.00",Expense
3/4/2025,Food,Pelet ikan,"85,417.00",Expense
3/4/2025,Food,Ayam Bakar,"66,933.00",Expense
3/5/2025,Food,Sapi,"113,189.00",Expense
3/5/2025,Food,Sapi,"77,505.00",Expense
3/5/2025,Food,Semur,"54,375.00",Expense
3/6/2025,Transportation,Bus,"62,933.00",Expense
3/6/2025,Other,Duplikat kunci kost,"116,171.00",Expense
3/6/2025,Transportation,Gojek,"56,838.00",Expense
3/7/2025,Entertainment,Togel,"73,852.00",Expense
3/7/2025,Shopping,Shopee,"106,599.00",Expense
3/7/2025,Transportation,Bus,"113,698.00",Expense
3/8/2025,Food,Udang,"68,070.00",Expense
3/8/2025,Transportation,Bus,"52,945.00",Expense
3/8/2025,Food,Kepiting,"74,996.00",Expense
3/9/2025,Other,Transfer,"83,924.00",Income
3/9/2025,Entertainment,Kupon,"57,754.00",Expense
3/9/2025,Entertainment,Iqiyl,"73,743.00",Expense
3/10/2025,Health,Vitamin,"53,530.00",Expense
3/10/2025,Transportation,Bus,"106,410.00",Expense
3/10/2025,Transportation,Bus,"73,806.00",Expense
3/11/2025,Food,Bakso ,"70,613.00",Expense
3/11/2025,Entertainment,Taman Bermain,"114,527.00",Expense
3/12/2025,Entertainment,Bioskop,"102,008.00",Expense
3/12/2025,Transportation,Top up Gopay,"91,284.00",Expense
3/13/2025,Groceries,Jajan,"68,171.00",Expense
3/13/2025,Utilities,Gas,"57,747.00",Expense
3/14/2025,Food,Cumi,"75,426.00",Expense
3/14/2025,Transportation,Grab,"119,391.00",Expense
3/15/2025,Food,Pempek,"118,651.00",Expense
3/15/2025,Transportation,Bus,"79,975.00",Expense
3/16/2025,Utilities,Laundry,"55,670.00",Expense
3/16/2025,Food,Tahu,"81,393.00",Expense
3/17/2025,Shopping,Peniti,"50,760.00",Expense
3/17/2025,Health,Telur,"84,204.00",Expense
3/18/2025,Food,Bebek,"94,472.00",Expense
3/18/2025,Shopping,Skincare,"69,902.00",Expense
3/19/2025,Mobile Phone,Service HP,"98,078.00",Expense
3/19/2025,Groceries,Bahan makanan,"64,589.00",Expense
3/20/2025,Shopping,Kerudung,"117,385.00",Expense
3/20/2025,Food,Warteg,"67,921.00",Expense
3/21/2025,Utilities,Gas,"75,738.00",Expense
3/21/2025,Food,Gohyong,"51,124.00",Expense
3/22/2025,Food,Kambing,"66,567.00",Expense
3/22/2025,Utilities,Air PDAM,"111,231.00",Expense
3/23/2025,Food,Nasi,"109,570.00",Expense
3/23/2025,Groceries,Belanja,"98,003.00",Expense
3/24/2025,Transportation,Grab,"108,185.00",Expense
3/24/2025,Utilities,Galon,"80,003.00",Expense
3/25/2025,Food,Ayam,"111,876.00",Expense
3/25/2025,Utilities,Laundry,"71,784.00",Expense
3/26/2025,Food,Telur,"101,083.00",Expense
3/26/2025,Mobile Phone,Paket Internet,"57,047.00",Expense
3/27/2025,Transportation,Bus,"82,834.00",Expense
3/27/2025,Groceries,Stok frozen food,"89,865.00",Expense
3/28/2025,Entertainment,Wisata Alam,"116,686.00",Expense
3/28/2025,Food,Telur,"56,829.00",Expense
3/29/2025,Utilities,Listrik,"65,907.00",Expense
3/29/2025,Shopping,Kemeja,"56,302.00",Expense
3/30/2025,Food,Tahu tempe,"113,148.00",Expense
3/30/2025,Shopping,Jajan,"103,266.00",Expense
3/31/2025,Transportation,Bus,"79,827.00",Expense
3/31/2025,Transportation,Grab,"80,781.00",Expense
4/1/2025,Utilities,Galon,"22,198.00",Expense
4/1/2025,Entertainment,Iqiyl,"29,807.00",Expense
4/1/2025,Utilities,Laundry,"46,627.00",Expense
4/2/2025,Food,Ayam,"96,698.00",Expense
4/2/2025,Shopping,Shopee,"97,246.00",Expense
4/2/2025,Food,Sapi,"33,633.00",Expense
4/3/2025,Food,Sapi,"14,652.00",Expense
4/3/2025,Transportation,Bus,"52,869.00",Expense
4/3/2025,Transportation,Bus,"53,959.00",Expense
4/4/2025,Entertainment,Togel,"77,428.00",Expense
4/4/2025,Utilities,Gas,"65,671.00",Expense
4/4/2025,Entertainment,Taman Bermain,"63,858.00",Expense
4/5/2025,Other,Transfer,"99,058.00",Income
4/5/2025,Food,Tahu,"17,179.00",Expense
4/5/2025,Transportation,Grab,"77,177.00",Expense
4/6/2025,Food,Bakso ,"40,233.00",Expense
4/6/2025,Groceries,Bahan makanan,"66,203.00",Expense
4/6/2025,Health,Telur,"93,628.00",Expense
4/7/2025,Groceries,Jajan,"70,920.00",Expense
4/7/2025,Utilities,Air PDAM,"43,753.00",Expense
4/7/2025,Food,Warteg,"12,051.00",Expense
4/8/2025,Food,Pempek,"74,347.00",Expense
4/8/2025,Utilities,Laundry,"79,978.00",Expense
4/8/2025,Groceries,Belanja,"48,785.00",Expense
4/9/2025,Shopping,Peniti,"97,612.00",Expense
4/9/2025,Food,Telur,"12,978.00",Expense
4/9/2025,Mobile Phone,Paket Internet,"33,489.00",Expense
4/10/2025,Mobile Phone,Service HP,"92,195.00",Expense
4/10/2025,Transportation,Grab,"84,110.00",Expense
4/10/2025,Shopping,Kemeja,"64,374.00",Expense
4/11/2025,Utilities,Gas,"63,215.00",Expense
4/11/2025,Utilities,Potong Rambut,"20,277.00",Expense
4/11/2025,Utilities,Galon,"20,044.00",Expense
4/12/2025,Food,Nasi,"19,759.00",Expense
4/12/2025,Transportation,Gojek,"49,893.00",Expense
4/12/2025,Food,Ayam Bakar,"19,313.00",Expense
4/13/2025,Food,Ayam,"18,787.00",Expense
4/13/2025,Food,Kepiting,"69,164.00",Expense
4/14/2025,Transportation,Bus,"31,540.00",Expense
4/14/2025,Transportation,Bus,"57,108.00",Expense
4/15/2025,Utilities,Listrik,"34,216.00",Expense
4/15/2025,Utilities,Galon,"59,300.00",Expense
4/16/2025,Transportation,Bus,"30,280.00",Expense
4/16/2025,Utilities,Fotocopy,"56,474.00",Expense
4/17/2025,Food,Kucing,"65,176.00",Expense
4/17/2025,Transportation,Bus,"43,829.00",Expense
4/18/2025,Food,Pelet ikan,"79,077.00",Expense
4/18/2025,Food,Udang,"18,046.00",Expense
4/19/2025,Other,Duplikat kunci kost,"48,288.00",Expense
4/19/2025,Health,Vitamin,"59,545.00",Expense
4/20/2025,Entertainment,Kupon,"14,838.00",Expense
4/20/2025,Entertainment,Bioskop,"39,031.00",Expense
4/21/2025,Transportation,Top up Gopay,"72,585.00",Expense
4/21/2025,Food,Cumi,"76,375.00",Expense
4/22/2025,Transportation,Bus,"69,747.00",Expense
4/22/2025,Utilities,Laundry,"96,543.00",Expense
4/23/2025,Shopping,Skincare,"68,794.00",Expense
4/23/2025,Food,Bebek,"81,288.00",Expense
4/24/2025,Food,Gohyong,"58,386.00",Expense
4/24/2025,Shopping,Kerudung,"19,029.00",Expense
4/25/2025,Utilities,Galon,"90,682.00",Expense
4/25/2025,Food,Kambing,"36,239.00",Expense
4/26/2025,Groceries,Stok frozen food,"74,272.00",Expense
4/26/2025,Transportation,Grab,"86,965.00",Expense
4/27/2025,Shopping,Jajan,"65,805.00",Expense
4/27/2025,Food,Telur,"88,068.00",Expense
4/28/2025,Food,Roti,"85,714.00",Expense
4/28/2025,Entertainment,Wisata Alam,"24,441.00",Expense
4/29/2025,Food,Semur,"88,289.00",Expense
4/29/2025,Food,Tahu tempe,"23,916.00",Expense
4/30/2025,Transportation,Bus,"87,607.00",Expense
4/30/2025,Other,Gaji Freelance,"16,619.00",Income
5/1/2025,Utilities,Galon,"128,437.00",Expense
5/1/2025,Shopping,Shopee,"104,092.00",Expense
5/1/2025,Transportation,Bus,"5,269.00",Expense
5/2/2025,Food,Ayam,"87,519.00",Expense
5/2/2025,Transportation,Bus,"224,174.00",Expense
5/2/2025,Entertainment,Taman Bermain,"8,639.00",Expense
5/3/2025,Food,Sapi,"277,810.00",Expense
5/3/2025,Utilities,Gas,"215,916.00",Expense
5/3/2025,Transportation,Grab,"1,584.00",Expense
5/4/2025,Entertainment,Togel,"112,886.00",Expense
5/4/2025,Food,Tahu,"141,141.00",Expense
5/4/2025,Health,Telur,"8,962.00",Expense
5/5/2025,Other,Transfer,"152,036.00",Income
5/5/2025,Groceries,Bahan makanan,"60,275.00",Expense
5/5/2025,Food,Warteg,"3,225.00",Expense
5/6/2025,Food,Bakso ,"92,011.00",Expense
5/6/2025,Utilities,Air PDAM,"165,947.00",Expense
5/6/2025,Groceries,Belanja,"5,115.00",Expense
5/7/2025,Groceries,Jajan,"1,441.00",Expense
5/7/2025,Utilities,Laundry,"104,392.00",Expense
5/7/2025,Mobile Phone,Paket Internet,"2,647.00",Expense
5/8/2025,Food,Pempek,"5,971.00",Expense
5/8/2025,Food,Telur,"206,869.00",Expense
5/8/2025,Shopping,Kemeja,"3,759.00",Expense
5/9/2025,Shopping,Peniti,"9,219.00",Expense
5/9/2025,Transportation,Grab,"195,970.00",Expense
5/9/2025,Utilities,Galon,"6,548.00",Expense
5/10/2025,Mobile Phone,Service HP,"4,912.00",Expense
5/10/2025,Utilities,Potong Rambut,"11,458.00",Expense
5/10/2025,Food,Ayam Bakar,"5,928.00",Expense
5/11/2025,Utilities,Gas,"4,743.00",Expense
5/11/2025,Transportation,Gojek,"171,244.00",Expense
5/12/2025,Food,Nasi,"1,998.00",Expense
5/12/2025,Food,Kepiting,"296,014.00",Expense
5/13/2025,Food,Ayam,"2,711.00",Expense
5/13/2025,Transportation,Bus,"208,104.00",Expense
5/14/2025,Transportation,Bus,"5,124.00",Expense
5/14/2025,Utilities,Galon,"149,401.00",Expense
5/15/2025,Utilities,Listrik,"6,476.00",Expense
5/15/2025,Utilities,Fotocopy,"16,657.00",Expense
5/16/2025,Transportation,Bus,"5,043.00",Expense
5/16/2025,Transportation,Bus,"190,733.00",Expense
5/17/2025,Food,Kucing,"8,724.00",Expense
5/17/2025,Food,Udang,"242,758.00",Expense
5/18/2025,Food,Pelet ikan,"2,953.00",Expense
5/18/2025,Health,Vitamin,"112,699.00",Expense
5/19/2025,Other,Duplikat kunci kost,"241,948.00",Expense
5/19/2025,Entertainment,Bioskop,"248,810.00",Expense
5/20/2025,Entertainment,Kupon,"224,186.00",Expense
5/20/2025,Food,Cumi,"5,099.00",Expense
5/21/2025,Transportation,Top up Gopay,"42,155.00",Expense
5/21/2025,Utilities,Laundry,"4,062.00",Expense
5/22/2025,Transportation,Bus,"136,748.00",Expense
5/22/2025,Food,Bebek,"5,614.00",Expense
5/23/2025,Shopping,Skincare,"171,208.00",Expense
5/23/2025,Shopping,Kerudung,"6,013.00",Expense
5/24/2025,Food,Gohyong,"246,435.00",Expense
5/24/2025,Food,Kambing,"2,659.00",Expense
5/25/2025,Utilities,Galon,"198,232.00",Expense
5/25/2025,Transportation,Grab,"7,849.00",Expense
5/26/2025,Groceries,Stok frozen food,"170,383.00",Expense
5/26/2025,Food,Telur,"7,638.00",Expense
5/27/2025,Shopping,Jajan,"265,460.00",Expense
5/27/2025,Entertainment,Wisata Alam,"8,850.00",Expense
5/28/2025,Food,Roti,"205,787.00",Expense
5/28/2025,Food,Tahu tempe,"5,111.00",Expense
5/29/2025,Food,Semur,"117,130.00",Expense
5/29/2025,Other,Gaji Freelance,"9,803.00",Income
5/30/2025,Transportation,Bus,"256,554.00",Expense
5/30/2025,Utilities,Laundry,"7,427.00",Expense
5/31/2025,Entertainment,Iqiyl,"87,355.00",Expense
5/31/2025,Food,Sapi,"3,191.00",Expense
6/1/2025,Utilities,Galon,"92,604.00",Expense
6/1/2025,Entertainment,Iqiyl,"30,506.00",Expense
6/1/2025,Utilities,Laundry,"75,543.00",Expense
6/2/2025,Food,Ayam,"66,088.00",Expense
6/2/2025,Shopping,Shopee,"51,927.00",Expense
6/2/2025,Food,Sapi,"10,052.00",Expense
6/3/2025,Food,Sapi,"71,363.00",Expense
6/3/2025,Transportation,Bus,"32,144.00",Expense
6/3/2025,Transportation,Bus,"8,206.00",Expense
6/4/2025,Entertainment,Togel,"70,032.00",Expense
6/4/2025,Utilities,Gas,"18,679.00",Expense
6/4/2025,Entertainment,Taman Bermain,"22,333.00",Expense
6/5/2025,Other,Transfer,"113,231.00",Income
6/5/2025,Food,Tahu,"57,978.00",Expense
6/5/2025,Transportation,Grab,"59,105.00",Expense
6/6/2025,Food,Bakso ,"89,210.00",Expense
6/6/2025,Groceries,Bahan makanan,"135,579.00",Expense
6/6/2025,Health,Telur,"49,948.00",Expense
6/7/2025,Groceries,Jajan,"76,183.00",Expense
6/7/2025,Utilities,Air PDAM,"37,001.00",Expense
6/7/2025,Food,Warteg,"91,210.00",Expense
6/8/2025,Food,Pempek,"147,818.00",Expense
6/8/2025,Utilities,Laundry,"86,584.00",Expense
6/8/2025,Groceries,Belanja,"62,125.00",Expense
6/9/2025,Shopping,Peniti,"110,558.00",Expense
6/9/2025,Food,Telur,"106,410.00",Expense
6/9/2025,Mobile Phone,Paket Internet,"10,128.00",Expense
6/10/2025,Mobile Phone,Service HP,"7,463.00",Expense
6/10/2025,Transportation,Grab,"112,944.00",Expense
6/10/2025,Shopping,Kemeja,"40,067.00",Expense
6/11/2025,Utilities,Gas,"46,484.00",Expense
6/11/2025,Utilities,Potong Rambut,"83,674.00",Expense
6/11/2025,Utilities,Galon,"6,426.00",Expense
6/12/2025,Food,Nasi,"14,039.00",Expense
6/12/2025,Transportation,Gojek,"120,826.00",Expense
6/12/2025,Food,Ayam Bakar,"95,646.00",Expense
6/13/2025,Food,Ayam,"124,579.00",Expense
6/13/2025,Food,Kepiting,"137,320.00",Expense
6/14/2025,Transportation,Bus,"42,383.00",Expense
6/14/2025,Transportation,Bus,"62,710.00",Expense
6/15/2025,Utilities,Listrik,"49,056.00",Expense
6/15/2025,Utilities,Galon,"86,190.00",Expense
6/16/2025,Transportation,Bus,"85,860.00",Expense
6/16/2025,Utilities,Fotocopy,"62,889.00",Expense
6/17/2025,Food,Kucing,"70,816.00",Expense
6/17/2025,Transportation,Bus,"60,824.00",Expense
6/18/2025,Food,Pelet ikan,"37,925.00",Expense
6/18/2025,Food,Udang,"1,318.00",Expense
6/19/2025,Other,Duplikat kunci kost,"140,795.00",Expense
6/19/2025,Health,Vitamin,"107,271.00",Expense
6/20/2025,Entertainment,Kupon,"77,113.00",Expense
6/20/2025,Entertainment,Bioskop,"36,971.00",Expense
6/21/2025,Transportation,Top up Gopay,"39,941.00",Expense
6/21/2025,Food,Cumi,"62,085.00",Expense
6/22/2025,Transportation,Bus,"39,325.00",Expense
6/22/2025,Utilities,Laundry,"48,543.00",Expense
6/23/2025,Shopping,Skincare,"114,057.00",Expense
6/23/2025,Food,Bebek,"7,173.00",Expense
6/24/2025,Food,Gohyong,"77,805.00",Expense
6/24/2025,Shopping,Kerudung,"2,177.00",Expense
6/25/2025,Utilities,Galon,"118,055.00",Expense
6/25/2025,Food,Kambing,"28,226.00",Expense
6/26/2025,Groceries,Stok frozen food,"40,935.00",Expense
6/26/2025,Transportation,Grab,"141,756.00",Expense
6/27/2025,Shopping,Jajan,"28,432.00",Expense
6/27/2025,Food,Telur,"45,236.00",Expense
6/28/2025,Food,Roti,"86,480.00",Expense
6/28/2025,Entertainment,Wisata Alam,"124,707.00",Expense
6/29/2025,Food,Semur,"32,476.00",Expense
6/29/2025,Food,Tahu tempe,"146,258.00",Expense
6/30/2025,Transportation,Bus,"47,459.00",Expense
6/30/2025,Other,Gaji Freelance,"21,120.00",Income
7/1/2025,Food,Sapi,"15,000.00",Expense
7/2/2025,Utilities,Galon,"19,000.00",Expense
7/3/2025,Mobile Phone,Pulsa,"20,000.00",Expense
7/4/2025,Groceries,Bahan makanan,"56,000.00",Expense
7/5/2025,Rent,Bayar kost,"1,000,000.00",Expense
7/6/2025,Entertainment,IQiyl,"2,000.00",Expense
7/7/2025,Food,Ketoprak,"9,000.00",Expense
7/8/2025,Shopping,Sepatu,"35,000.00",Expense
7/9/2025,Other,Gaji Freelance,"100,000.00",Income
7/10/2025,Transportation,Top up Gopay,"50,000.00",Expense
7/11/2025,Food,Nasi padang,"13,000.00",Expense
7/12/2025,Other,Transferan Mamah,"2,500,000.00",Income
7/13/2025,Health,Obat kuat mental,"20,000.00",Expense
7/14/2025,Transportation,Bus,"3,000.00",Expense
7/15/2025,Food,Kelengkeng,"10,000.00",Expense
7/16/2025,Shopping,Bath bomb,"100,000.00",Expense
7/17/2025,Transportation,Bus,"3,000.00",Expense
7/18/2025,Health,Vitamin,"15,000.00",Expense
7/19/2025,Transportation,Bus,"10,000.00",Expense
7/20/2025,Groceries,Peralatan tulis,"62,000.00",Expense
7/21/2025,Food,Buah,"24,000.00",Expense
7/22/2025,Utilities,Saham BCA,"9,258.00",Expense
7/23/2025,Food,Sushi,"33,000.00",Expense
7/24/2025,Mobile Phone,Bayar tagihan listrik,"120,123.00",Expense
7/25/2025,Other,Utang bestie,"33,333.00",Income
7/26/2025,Transportation,Top up Gopay,"12,000.00",Expense
7/27/2025,Utilities,Galon,"19,000.00",Expense
7/28/2025,Food,Ayam,"17,000.00",Expense
7/29/2025,Food,Sapi,"27,500.00",Expense
7/30/2025,Entertainment,Album NCT,"120,000.00",Expense
7/31/2025,Utilities,Air PDAM,"17,000.00",Expense
8/1/2025,Food,Bakso ,"12,000.00",Expense
8/2/2025,Groceries,Jajan,"18,000.00",Expense
8/3/2025,Food,Pempek,"10,000.00",Expense
8/4/2025,Shopping,Baju lebaran,"200,000.00",Expense
8/5/2025,Mobile Phone,Service HP,"60,000.00",Expense
8/6/2025,Utilities,Gas,"19,000.00",Expense
8/7/2025,Food,Kue,"100,000.00",Expense
8/8/2025,Food,Ayam,"12,000.00",Expense
8/9/2025,Transportation,Bus,"2,500.00",Expense
8/10/2025,Utilities,Listrik,"11,000.00",Expense
8/11/2025,Transportation,Bus,"2,000.00",Expense
8/12/2025,Food,Kucing,"16,000.00",Expense
8/13/2025,Food,Pelet ikan,"5,000.00",Expense
8/14/2025,Other,Duplikat kunci kost,"20,000.00",Expense
8/15/2025,Entertainment,Koin TikTok,"50,000.00",Expense
8/16/2025,Transportation,Top up Gopay,"20,000.00",Expense
8/17/2025,Transportation,Bus,"2,500.00",Expense
8/18/2025,Shopping,Skincare,"44,000.00",Expense
8/19/2025,Food,Gohyong,"15,000.00",Expense
8/20/2025,Utilities,Galon,"19,000.00",Expense
8/21/2025,Groceries,Stok frozen food,"22,000.00",Expense
8/22/2025,Shopping,Jajan,"8,000.00",Expense
8/23/2025,Food,Roti,"3,000.00",Expense
8/24/2025,Food,Semur,"5,000.00",Expense
8/25/2025,Transportation,Bus,"2,000.00",Expense
8/26/2025,Entertainment,Iqiyl,"11,500.00",Expense
8/27/2025,Shopping,Shopee,"2,000.00",Expense
8/28/2025,Transportation,Bus,"3,500.00",Expense
8/29/2025,Utilities,Gas,"19,000.00",Expense
8/30/2025,Food,Tahu,"3,000.00",Expense
8/31/2025,Groceries,Bahan makanan,"31,000.00",Expense
9/1/2025,Utilities,Air PDAM,"11,000.00",Expense
9/2/2025,Food,Rusdi,"20,000.00",Expense
9/3/2025,Food,Warteg,"9,000.00",Expense
9/4/2025,Groceries,Belanja,"160,000.00",Expense
9/5/2025,Mobile Phone,Paket Internet,"40,000.00",Expense
9/6/2025,Shopping,Kemeja,"299,999.00",Expense
9/7/2025,Utilities,Galon,"21,000.00",Expense
9/8/2025,Food,Ayam Bakar,"8,000.00",Expense
9/9/2025,Other,Gaji Freelance,"400,000.00",Income
9/10/2025,Food,Roti,"18,000.00",Expense
9/11/2025,Transportation,Grab,"9,000.00",Expense
9/12/2025,Food,Ayam Geprek,"19,000.00",Expense
9/13/2025,Entertainment,Bioskop,"45,000.00",Expense
9/14/2025,Transportation,Grab,"30,000.00",Expense
9/15/2025,Transportation,Gojek,"14,000.00",Expense
9/16/2025,Food,Ikan Goreng,"18,000.00",Expense
9/17/2025,Food,Ikan Bakar,"15,000.00",Expense
9/18/2025,Transportation,Grab,"16,000.00",Expense
9/19/2025,Food,Sapi,"25,000.00",Expense
9/20/2025,Transportation,Gojek,"20,000.00",Expense
9/21/2025,Utilities,Laundry,"35,000.00",Expense
9/22/2025,Food,Bebek,"23,000.00",Expense
9/23/2025,Shopping,Kerudung,"120,000.00",Expense
9/24/2025,Food,Kambing,"35,000.00",Expense
9/25/2025,Transportation,Grab,"19,000.00",Expense
9/26/2025,Food,Telur,"5,000.00",Expense
9/27/2025,Entertainment,Wisata Alam,"25,000.00",Expense
9/28/2025,Food,Tahu tempe,"8,000.00",Expense
9/29/2025,Other,Gaji Freelance,"600,000.00",Income
9/30/2025,Utilities,Laundry,"30,000.00",Expense
10/1/2025,Food,Sapi,"30,000.00",Expense
10/2/2025,Transportation,Bus,"6,000.00",Expense
10/3/2025,Entertainment,Taman Bermain,"15,000.00",Expense
10/4/2025,Transportation,Grab,"18,000.00",Expense
10/5/2025,Health,Telur,"4,000.00",Expense
10/6/2025,Other,Gaji Freelance,"700,000.00",Income
10/7/2025,Food,Ayam Geprek,"26,000.00",Expense
10/8/2025,Utilities,Fotocopy,"20,000.00",Expense
10/9/2025,Other,Utang,"150,000.00",Expense
10/10/2025,Transportation,Bus,"6,000.00",Expense
10/11/2025,Mobile Phone,Paket Internet,"70,000.00",Expense
10/12/2025,Food,Ayam Bakar,"16,000.00",Expense
10/13/2025,Transportation,Gojek,"20,000.00",Expense
10/14/2025,Other,Sedekah,"100,000.00",Expense
10/15/2025,Transportation,Gojek,"18,000.00",Expense
10/16/2025,Food,Ayam Bakar,"16,000.00",Expense
10/17/2025,Transportation,Bus,"7,000.00",Expense
10/18/2025,Food,Ayam Bumbu,"12,000.00",Expense
10/19/2025,Utilities,Laundry,"30,000.00",Expense
10/20/2025,Food,Telur,"6,000.00",Expense
10/21/2025,Transportation,Grab,"17,000.00",Expense
10/22/2025,Utilities,Potong Rambut,"55,000.00",Expense
10/23/2025,Transportation,Gojek,"18,000.00",Expense
10/24/2025,Food,Kepiting,"60,000.00",Expense
10/25/2025,Transportation,Bus,"8,000.00",Expense
10/26/2025,Utilities,Galon,"21,000.00",Expense
10/27/2025,Utilities,Fotocopy,"15,000.00",Expense
10/28/2025,Transportation,Bus,"8,000.00",Expense
10/29/2025,Food,Udang,"20,000.00",Expense
10/30/2025,Health,Vitamin,"55,000.00",Expense
10/31/2025,Entertainment,Bioskop,"25,000.00",Expense
11/1/2025,Food,Cumi,"20,000.00",Expense
11/2/2025,Other,Samsung,"4,750,000.00",Expense
11/3/2025,Utilities,Galon,"19,000.00",Expense
11/4/2025,Food,Ayam,"17,000.00",Expense
11/5/2025,Food,Sapi,"30,000.00",Expense
11/6/2025,Entertainment,Togel,"1,000.00",Expense
11/7/2025,Other,Transfer,"1,000,000.00",Income
11/8/2025,Food,Bakso ,"12,000.00",Expense
11/9/2025,Groceries,Jajan,"18,000.00",Expense
11/10/2025,Food,Pempek,"10,000.00",Expense
11/11/2025,Shopping,Peniti,"5,000.00",Expense
11/12/2025,Mobile Phone,Service HP,"60,000.00",Expense
11/13/2025,Utilities,Gas,"19,000.00",Expense
11/14/2025,Food,Nasi,"15,000.00",Expense
11/15/2025,Food,Ayam,"12,000.00",Expense
11/16/2025,Transportation,Bus,"2,500.00",Expense
11/17/2025,Utilities,Listrik,"11,000.00",Expense
11/18/2025,Transportation,Bus,"2,000.00",Expense
11/19/2025,Food,Kucing,"16,000.00",Expense
11/20/2025,Food,Pelet ikan,"5,000.00",Expense
11/21/2025,Other,Duplikat kunci kost,"20,000.00",Expense
11/22/2025,Entertainment,Kupon,"1,000.00",Expense
11/23/2025,Transportation,Top up Gopay,"20,000.00",Expense
11/24/2025,Transportation,Bus,"2,500.00",Expense
11/25/2025,Shopping,Skincare,"44,000.00",Expense
11/26/2025,Food,Gohyong,"15,000.00",Expense
11/27/2025,Utilities,Galon,"19,000.00",Expense
11/28/2025,Groceries,Stok frozen food,"22,000.00",Expense
11/29/2025,Shopping,Jajan,"8,000.00",Expense
11/30/2025,Food,Roti,"3,000.00",Expense
12/1/2025,Food,Semur,"5,000.00",Expense
12/2/2025,Transportation,Bus,"2,000.00",Expense
12/3/2025,Entertainment,Iqiyl,"11,500.00",Expense
12/4/2025,Shopping,Shopee,"2,000.00",Expense
12/5/2025,Transportation,Bus,"3,500.00",Expense
12/6/2025,Utilities,Gas,"19,000.00",Expense
12/7/2025,Food,Tahu,"3,000.00",Expense
12/8/2025,Groceries,Bahan makanan,"31,000.00",Expense
12/9/2025,Utilities,Air PDAM,"11,000.00",Expense
12/10/2025,Utilities,Laundry,"1,000.00",Expense
12/11/2025,Food,Telur,"17,000.00",Expense
12/12/2025,Transportation,Grab,"12,000.00",Expense
12/13/2025,Utilities,Potong Rambut,"18,000.00",Expense
12/14/2025,Transportation,Gojek,"10,000.00",Expense
12/15/2025,Food,Kepiting,500.00,Expense
12/16/2025,Transportation,Bus,"60,000.00",Expense
12/17/2025,Utilities,Galon,"19,000.00",Expense
12/18/2025,Utilities,Fotocopy,"1,500.00",Expense
12/19/2025,Transportation,Bus,"12,000.00",Expense
12/20/2025,Food,Udang,"25,000.00",Expense
12/21/2025,Health,Vitamin,"11,000.00",Expense
12/22/2025,Entertainment,Bioskop,"2,000.00",Expense
12/23/2025,Food,Cumi,"20,000.00",Expense
12/24/2025,Utilities,Laundry,"35,000.00",Expense
12/25/2025,Food,Bebek,"23,000.00",Expense
12/26/2025,Shopping,Kerudung,"120,000.00",Expense
12/27/2025,Food,Kambing,"35,000.00",Expense
12/28/2025,Transportation,Grab,"19,000.00",Expense
12/29/2025,Food,Telur,"5,000.00",Expense
12/30/2025,Entertainment,Wisata Alam,"25,000.00",Expense
12/31/2025,Food,Tahu tempe,"8,000.00",Expense
1/1/2026,Other,Gaji Freelance,"600,000.00",Income
1/2/2026,Utilities,Laundry,"30,000.00",Expense
1/3/2026,Food,Sapi,"30,000.00",Expense
1/4/2026,Transportation,Bus,"6,000.00",Expense
1/5/2026,Entertainment,Taman Bermain,"15,000.00",Expense
1/6/2026,Transportation,Grab,"18,000.00",Expense
1/7/2026,Health,Telur,"4,000.00",Expense
1/8/2026,Food,Warteg,"9,000.00",Expense
1/9/2026,Groceries,Belanja,"160,000.00",Expense
1/10/2026,Mobile Phone,Paket Internet,"40,000.00",Expense
1/11/2026,Shopping,Kemeja,"299,999.00",Expense
1/12/2026,Utilities,Galon,"21,000.00",Expense
1/13/2026,Food,Ayam Bakar,"8,000.00",Expense
1/14/2026,Utilities,Galon,"18,150.00",Expense
1/15/2026,Food,Tahu,"137,472.00",Expense
1/16/2026,Mobile Phone,Paket Internet,"61,909.00",Expense
1/17/2026,Food,Ayam,"37,314.00",Expense
1/18/2026,Entertainment,Togel,"64,584.00",Expense
1/19/2026,Other,Transfer,"6,567.00",Income
1/20/2026,Groceries,Bahan makanan,"101,581.00",Expense
1/21/2026,Utilities,Laundry,"188,148.00",Expense
1/22/2026,Food,Telur,"110,278.00",Expense
1/23/2026,Shopping,Kemeja,"148,300.00",Expense
1/24/2026,Food,Ayam Bakar,"17,047.00",Expense
1/25/2026,Food,Sapi,"123,322.00",Expense
1/26/2026,Food,Bakso ,"168,215.00",Expense
1/27/2026,Groceries,Jajan,"150,600.00",Expense
1/28/2026,Utilities,Air PDAM,"98,458.00",Expense
1/29/2026,Transportation,Grab,"6,331.00",Expense
1/30/2026,Utilities,Potong Rambut,"157,471.00",Expense
1/31/2026,Utilities,Galon,"127,524.00",Expense
2/1/2026,Food,Pempek,"109,931.00",Expense
2/2/2026,Transportation,Gojek,"7,021.00",Expense
2/3/2026,Shopping,Peniti,"127,849.00",Expense
2/4/2026,Food,Kepiting,"38,422.00",Expense
2/5/2026,Mobile Phone,Service HP,"50,281.00",Expense
2/6/2026,Transportation,Bus,"56,158.00",Expense
2/7/2026,Utilities,Gas,"66,566.00",Expense
2/8/2026,Utilities,Galon,"186,423.00",Expense
2/9/2026,Food,Nasi,"92,520.00",Expense
2/10/2026,Utilities,Fotocopy,"83,549.00",Expense
2/11/2026,Food,Ayam,"190,375.00",Expense
2/12/2026,Transportation,Bus,"129,210.00",Expense
2/13/2026,Transportation,Bus,"49,231.00",Expense
2/14/2026,Food,Udang,"92,072.00",Expense
2/15/2026,Utilities,Listrik,"74,930.00",Expense
2/16/2026,Health,Vitamin,"36,369.00",Expense
2/17/2026,Transportation,Bus,"3,948.00",Expense
2/18/2026,Entertainment,Bioskop,"141,955.00",Expense
2/19/2026,Food,Kucing,"160,063.00",Expense
2/20/2026,Food,Cumi,"67,531.00",Expense
2/21/2026,Food,Pelet ikan,"73,565.00",Expense
2/22/2026,Utilities,Laundry,"62,868.00",Expense
2/23/2026,Other,Duplikat kunci kost,"30,831.00",Expense
2/24/2026,Food,Bebek,"159,182.00",Expense
2/25/2026,Entertainment,Kupon,"49,613.00",Expense
2/26/2026,Shopping,Kerudung,"36,655.00",Expense
2/27/2026,Transportation,Top up Gopay,"66,889.00",Expense
2/28/2026,Food,Kambing,"70,279.00",Expense
3/1/2026,Transportation,Bus,"41,984.00",Expense
3/2/2026,Transportation,Grab,"191,053.00",Expense
3/3/2026,Shopping,Skincare,"84,759.00",Expense
3/4/2026,Food,Telur,"58,747.00",Expense
3/5/2026,Food,Gohyong,"35,304.00",Expense
3/6/2026,Entertainment,Wisata Alam,"61,383.00",Expense
3/7/2026,Utilities,Galon,"113,047.00",Expense
3/8/2026,Food,Tahu tempe,"35,512.00",Expense
3/9/2026,Groceries,Stok frozen food,"103,674.00",Expense
3/10/2026,Other,Gaji Freelance,"120,973.00",Income
3/11/2026,Shopping,Jajan,"114,498.00",Expense
3/12/2026,Utilities,Laundry,"108,002.00",Expense
3/13/2026,Food,Roti,"123,976.00",Expense
3/14/2026,Food,Sapi,"66,023.00",Expense
3/15/2026,Food,Semur,"3,087.00",Expense
3/16/2026,Transportation,Bus,"153,911.00",Expense
3/17/2026,Transportation,Bus,"198,265.00",Expense
3/18/2026,Entertainment,Taman Bermain,"140,765.00",Expense
3/19/2026,Entertainment,Iqiyl,"180,988.00",Expense
3/20/2026,Transportation,Grab,"158,613.00",Expense
3/21/2026,Shopping,Shopee,"4,017.00",Expense
3/22/2026,Health,Telur,"148,973.00",Expense
3/23/2026,Transportation,Bus,"176,343.00",Expense
3/24/2026,Food,Warteg,"154,816.00",Expense
3/25/2026,Utilities,Gas,"136,203.00",Expense
3/26/2026,Groceries,Belanja,"46,362.00",Expense
3/27/2026,Utilities,Galon,"21,099.00",Expense
3/28/2026,Shopping,Shopee,"75,748.00",Expense
3/29/2026,Transportation,Bus,"58,041.00",Expense
3/30/2026,Food,Ayam,"51,544.00",Expense
3/31/2026,Transportation,Bus,"19,397.00",Expense
4/1/2026,Entertainment,Taman Bermain,"45,653.00",Expense
4/2/2026,Food,Sapi,"63,574.00",Expense
4/3/2026,Utilities,Gas,"68,067.00",Expense
4/4/2026,Transportation,Grab,"16,046.00",Expense
4/5/2026,Entertainment,Togel,"53,844.00",Expense
4/6/2026,Food,Tahu,"54,466.00",Expense
4/7/2026,Health,Telur,"48,960.00",Expense
4/8/2026,Other,Transfer,"26,444.00",Income
4/9/2026,Groceries,Bahan makanan,"17,733.00",Expense
4/10/2026,Food,Warteg,"55,327.00",Expense
4/11/2026,Food,Bakso ,"80,672.00",Expense
4/12/2026,Utilities,Air PDAM,"27,558.00",Expense
4/13/2026,Groceries,Belanja,"72,036.00",Expense
4/14/2026,Groceries,Jajan,"73,129.00",Expense
4/15/2026,Utilities,Laundry,"94,228.00",Expense
4/16/2026,Mobile Phone,Paket Internet,"69,473.00",Expense
4/17/2026,Food,Pempek,"13,356.00",Expense
4/18/2026,Food,Telur,"82,096.00",Expense
4/19/2026,Shopping,Kemeja,"66,445.00",Expense
4/20/2026,Shopping,Peniti,"48,790.00",Expense
4/21/2026,Transportation,Grab,"85,431.00",Expense
4/22/2026,Utilities,Galon,"31,917.00",Expense
4/23/2026,Mobile Phone,Service HP,"88,796.00",Expense
4/24/2026,Utilities,Potong Rambut,"86,919.00",Expense
4/25/2026,Food,Ayam Bakar,"15,759.00",Expense
4/26/2026,Utilities,Gas,"98,493.00",Expense
4/27/2026,Transportation,Gojek,"75,701.00",Expense
4/28/2026,Food,Nasi,"36,238.00",Expense
4/29/2026,Food,Kepiting,"62,185.00",Expense
4/30/2026,Food,Ayam,"12,796.00",Expense
5/1/2026,Transportation,Bus,"74,537.00",Expense
5/2/2026,Transportation,Bus,"92,357.00",Expense
5/3/2026,Utilities,Galon,"53,612.00",Expense
5/4/2026,Utilities,Listrik,"30,053.00",Expense
5/5/2026,Utilities,Fotocopy,"92,912.00",Expense
5/6/2026,Transportation,Bus,"51,244.00",Expense
5/7/2026,Transportation,Bus,"72,498.00",Expense
5/8/2026,Food,Kucing,"88,408.00",Expense
5/9/2026,Food,Udang,"94,895.00",Expense
5/10/2026,Food,Pelet ikan,"55,889.00",Expense
5/11/2026,Health,Vitamin,"98,034.00",Expense
5/12/2026,Other,Duplikat kunci kost,"93,535.00",Expense
5/13/2026,Entertainment,Bioskop,"36,754.00",Expense
5/14/2026,Entertainment,Kupon,"28,314.00",Expense
5/15/2026,Food,Cumi,"87,961.00",Expense
5/16/2026,Transportation,Top up Gopay,"13,236.00",Expense
5/17/2026,Utilities,Laundry,"24,546.00",Expense
5/18/2026,Transportation,Bus,"69,258.00",Expense
5/19/2026,Food,Bebek,"63,901.00",Expense
5/20/2026,Shopping,Skincare,"43,960.00",Expense
5/21/2026,Shopping,Kerudung,"80,393.00",Expense
5/22/2026,Food,Gohyong,"39,681.00",Expense
5/23/2026,Food,Kambing,"59,746.00",Expense
5/24/2026,Utilities,Galon,"59,382.00",Expense
5/25/2026,Transportation,Grab,"31,648.00",Expense
5/26/2026,Groceries,Stok frozen food,"55,325.00",Expense
5/27/2026,Food,Telur,"45,163.00",Expense
5/28/2026,Shopping,Jajan,"79,750.00",Expense
5/29/2026,Entertainment,Wisata Alam,"77,351.00",Expense
5/30/2026,Food,Roti,"58,010.00",Expense
5/31/2026,Food,Tahu tempe,"56,614.00",Expense
6/1/2026,Food,Semur,"69,478.00",Expense
6/2/2026,Other,Gaji Freelance,"19,286.00",Income
6/3/2026,Transportation,Bus,"15,110.00",Expense
6/4/2026,Utilities,Laundry,"36,402.00",Expense
6/5/2026,Entertainment,Iqiyl,"39,685.00",Expense
6/6/2026,Food,Sapi,"50,818.00",Expense
6/7/2026,Utilities,Galon,"59,267.00",Expense
6/8/2026,Entertainment,Iqiyl,"128,549.00",Expense
6/9/2026,Utilities,Laundry,"43,886.00",Expense
6/10/2026,Food,Ayam,"18,138.00",Expense
6/11/2026,Shopping,Shopee,"38,052.00",Expense
6/12/2026,Food,Sapi,"49,455.00",Expense
6/13/2026,Food,Sapi,"38,043.00",Expense
6/14/2026,Transportation,Bus,"51,606.00",Expense
6/15/2026,Transportation,Bus,"24,765.00",Expense
6/16/2026,Entertainment,Togel,"80,971.00",Expense
6/17/2026,Utilities,Gas,"17,805.00",Expense
6/18/2026,Entertainment,Taman Bermain,"121,371.00",Expense
6/19/2026,Other,Transfer,"77,700.00",Income
6/20/2026,Food,Tahu,"140,161.00",Expense
6/21/2026,Transportation,Grab,"66,861.00",Expense
6/22/2026,Food,Bakso ,"31,144.00",Expense
6/23/2026,Groceries,Bahan makanan,"79,063.00",Expense
6/24/2026,Health,Telur,"118,434.00",Expense
6/25/2026,Groceries,Jajan,"30,112.00",Expense
6/26/2026,Utilities,Air PDAM,"69,869.00",Expense
6/27/2026,Food,Warteg,"79,482.00",Expense
6/28/2026,Food,Pempek,"127,422.00",Expense
6/29/2026,Utilities,Laundry,"17,492.00",Expense
6/30/2026,Groceries,Belanja,"47,401.00",Expense
7/1/2026,Shopping,Peniti,"115,564.00",Expense
7/2/2026,Food,Telur,"22,596.00",Expense
7/3/2026,Mobile Phone,Paket Internet,"120,737.00",Expense
7/4/2026,Mobile Phone,Service HP,"38,437.00",Expense
7/5/2026,Transportation,Grab,"129,893.00",Expense
7/6/2026,Shopping,Kemeja,"97,516.00",Expense
7/7/2026,Utilities,Gas,"75,978.00",Expense
7/8/2026,Utilities,Potong Rambut,"82,485.00",Expense
7/9/2026,Utilities,Galon,"87,123.00",Expense
7/10/2026,Food,Nasi,"32,477.00",Expense
7/11/2026,Transportation,Gojek,"121,385.00",Expense
7/12/2026,Food,Ayam Bakar,"118,253.00",Expense
7/13/2026,Food,Ayam,"23,341.00",Expense
7/14/2026,Food,Kepiting,"66,682.00",Expense
7/15/2026,Transportation,Bus,"24,860.00",Expense
7/16/2026,Transportation,Bus,"145,852.00",Expense
7/17/2026,Utilities,Listrik,"148,852.00",Expense
7/18/2026,Utilities,Galon,"62,639.00",Expense
7/19/2026,Transportation,Bus,"11,919.00",Expense
7/20/2026,Utilities,Fotocopy,"29,524.00",Expense
7/21/2026,Food,Kucing,"146,862.00",Expense
7/22/2026,Transportation,Bus,"145,642.00",Expense
7/23/2026,Food,Pelet ikan,"48,413.00",Expense
7/24/2026,Food,Udang,"17,360.00",Expense
7/25/2026,Other,Duplikat kunci kost,"72,220.00",Expense
7/26/2026,Health,Vitamin,"129,491.00",Expense
7/27/2026,Entertainment,Kupon,"66,611.00",Expense
7/28/2026,Entertainment,Bioskop,"102,575.00",Expense
7/29/2026,Transportation,Top up Gopay,"15,465.00",Expense
7/30/2026,Food,Cumi,"22,513.00",Expense
7/31/2026,Transportation,Bus,"26,459.00",Expense
8/1/2026,Utilities,Laundry,"123,385.00",Expense
8/2/2026,Shopping,Skincare,"17,880.00",Expense
8/3/2026,Food,Bebek,"105,017.00",Expense
8/4/2026,Food,Gohyong,"16,433.00",Expense
8/5/2026,Shopping,Kerudung,"115,383.00",Expense
8/6/2026,Utilities,Galon,"63,043.00",Expense
8/7/2026,Food,Kambing,"100,927.00",Expense
8/8/2026,Groceries,Stok frozen food,"60,437.00",Expense
8/9/2026,Transportation,Grab,"11,549.00",Expense
8/10/2026,Shopping,Jajan,"29,634.00",Expense
8/11/2026,Food,Telur,"32,223.00",Expense
8/12/2026,Food,Roti,"128,575.00",Expense
8/13/2026,Entertainment,Wisata Alam,"30,633.00",Expense
8/14/2026,Food,Semur,"148,744.00",Expense
8/15/2026,Food,Tahu tempe,"85,124.00",Expense
8/16/2026,Transportation,Bus,"110,397.00",Expense
8/17/2026,Other,Gaji Freelance,"24,613.00",Income
8/18/2026,Utilities,Galon,"83,624.00",Expense
8/19/2026,Shopping,Shopee,"15,847.00",Expense
12/1/2024,Transportation,Bus,"92,422.00",Expense
12/2/2024,Food,Ayam,"86,021.00",Expense
12/2/2024,Transportation,Bus,"17,384.00",Expense
12/2/2024,Entertainment,Taman Bermain,"49,430.00",Expense
12/3/2024,Food,Sapi,"5,187.00",Expense
12/3/2024,Utilities,Gas,"28,265.00",Expense
12/3/2024,Transportation,Grab,"70,515.00",Expense
12/4/2024,Entertainment,Togel,"80,713.00",Expense
12/4/2024,Food,Tahu,"86,916.00",Expense
12/4/2024,Health,Telur,"22,540.00",Expense
12/5/2024,Other,Transfer,"77,550.00",Income
12/5/2024,Groceries,Bahan makanan,"35,904.00",Expense
12/5/2024,Food,Warteg,"60,457.00",Expense
12/6/2024,Food,Bakso ,"13,985.00",Expense
12/6/2024,Utilities,Air PDAM,"17,611.00",Expense
12/6/2024,Groceries,Belanja,"22,807.00",Expense
12/7/2024,Groceries,Jajan,"38,145.00",Expense
12/7/2024,Utilities,Laundry,"62,768.00",Expense
12/7/2024,Mobile Phone,Paket Internet,"39,252.00",Expense
12/8/2024,Food,Pempek,"40,711.00",Expense
12/8/2024,Food,Telur,"97,088.00",Expense
12/8/2024,Shopping,Kemeja,"72,019.00",Expense
12/9/2024,Shopping,Peniti,"98,061.00",Expense
12/9/2024,Transportation,Grab,"95,339.00",Expense
12/9/2024,Utilities,Galon,"97,125.00",Expense
12/10/2024,Mobile Phone,Service HP,"85,100.00",Expense
12/10/2024,Utilities,Potong Rambut,"66,531.00",Expense
12/10/2024,Food,Ayam Bakar,"71,258.00",Expense
12/11/2024,Utilities,Gas,"55,737.00",Expense
12/11/2024,Transportation,Gojek,"91,852.00",Expense
12/12/2024,Food,Nasi,"5,179.00",Expense
12/12/2024,Food,Kepiting,"28,707.00",Expense
12/13/2024,Food,Ayam,"75,873.00",Expense
12/13/2024,Transportation,Bus,"10,057.00",Expense
12/14/2024,Transportation,Bus,"36,716.00",Expense
12/14/2024,Utilities,Galon,"73,739.00",Expense
12/15/2024,Utilities,Listrik,"69,671.00",Expense
12/15/2024,Utilities,Fotocopy,"49,044.00",Expense
12/16/2024,Transportation,Bus,"41,030.00",Expense
12/16/2024,Transportation,Bus,"72,408.00",Expense
12/17/2024,Food,Kucing,"49,681.00",Expense
12/17/2024,Food,Udang,"12,150.00",Expense
12/18/2024,Food,Pelet ikan,"93,082.00",Expense
12/18/2024,Health,Vitamin,"57,363.00",Expense
12/19/2024,Other,Duplikat kunci kost,"77,184.00",Expense
12/19/2024,Entertainment,Bioskop,"19,668.00",Expense
12/20/2024,Entertainment,Kupon,"14,649.00",Expense
12/20/2024,Food,Cumi,"19,768.00",Expense
12/21/2024,Transportation,Top up Gopay,"39,303.00",Expense
12/21/2024,Utilities,Laundry,"7,411.00",Expense
12/22/2024,Transportation,Bus,"56,755.00",Expense
12/22/2024,Food,Bebek,"54,800.00",Expense
12/23/2024,Shopping,Skincare,"89,039.00",Expense
12/23/2024,Shopping,Kerudung,"83,170.00",Expense
12/24/2024,Food,Gohyong,"45,355.00",Expense
12/24/2024,Food,Kambing,"77,777.00",Expense
12/25/2024,Utilities,Galon,"38,975.00",Expense
12/25/2024,Transportation,Grab,"96,044.00",Expense
12/26/2024,Groceries,Stok frozen food,"14,753.00",Expense
12/26/2024,Food,Telur,"12,527.00",Expense
12/27/2024,Shopping,Jajan,"1,255.00",Expense
12/27/2024,Entertainment,Wisata Alam,"14,513.00",Expense
12/28/2024,Food,Roti,"28,446.00",Expense
12/28/2024,Food,Tahu tempe,"6,588.00",Expense
12/29/2024,Food,Semur,"89,043.00",Expense
12/29/2024,Other,Gaji Freelance,"82,516.00",Income
12/30/2024,Transportation,Bus,"47,892.00",Expense
12/30/2024,Utilities,Laundry,"28,130.00",Expense
12/31/2024,Entertainment,Iqiyl,"57,489.00",Expense
12/31/2024,Food,Sapi,"84,403.00",Expense
1/1/2025,Utilities,Galon,"37,840.00",Expense
1/1/2025,Shopping,Shopee,"70,147.00",Expense
1/1/2025,Transportation,Bus,"37,003.00",Expense
1/2/2025,Food,Ayam,"16,050.00",Expense
1/2/2025,Transportation,Bus,"108,672.00",Expense
1/2/2025,Entertainment,Taman Bermain,"122,725.00",Expense
1/3/2025,Food,Sapi,"21,603.00",Expense
1/3/2025,Utilities,Gas,"57,057.00",Expense
1/3/2025,Transportation,Grab,"47,265.00",Expense
1/4/2025,Entertainment,Togel,"119,134.00",Expense
1/4/2025,Food,Tahu,"132,427.00",Expense
1/4/2025,Health,Telur,"39,636.00",Expense
1/5/2025,Other,Transfer,"139,514.00",Income
1/5/2025,Groceries,Bahan makanan,"60,615.00",Expense
1/5/2025,Food,Warteg,"134,678.00",Expense
1/6/2025,Food,Bakso ,"107,113.00",Expense
1/6/2025,Utilities,Air PDAM,"72,467.00",Expense
1/6/2025,Groceries,Belanja,"114,505.00",Expense
1/7/2025,Groceries,Jajan,"91,679.00",Expense
1/7/2025,Utilities,Laundry,"16,602.00",Expense
1/7/2025,Mobile Phone,Paket Internet,"46,011.00",Expense
1/8/2025,Food,Pempek,"103,405.00",Expense
1/8/2025,Food,Telur,"144,012.00",Expense
1/8/2025,Shopping,Kemeja,"59,378.00",Expense
1/9/2025,Shopping,Peniti,"78,733.00",Expense
1/9/2025,Transportation,Grab,"143,082.00",Expense
1/9/2025,Utilities,Galon,"118,476.00",Expense
1/10/2025,Mobile Phone,Service HP,"75,378.00",Expense
1/10/2025,Utilities,Potong Rambut,"95,753.00",Expense
1/10/2025,Food,Ayam Bakar,"35,372.00",Expense
1/11/2025,Utilities,Gas,"33,827.00",Expense
1/11/2025,Transportation,Gojek,"132,998.00",Expense
1/12/2025,Food,Nasi,"45,042.00",Expense
1/12/2025,Food,Kepiting,"63,100.00",Expense
1/13/2025,Food,Ayam,"75,983.00",Expense
1/13/2025,Transportation,Bus,"64,245.00",Expense
1/14/2025,Transportation,Bus,"144,002.00",Expense
1/14/2025,Utilities,Galon,"23,684.00",Expense
1/15/2025,Utilities,Listrik,"122,716.00",Expense
1/15/2025,Utilities,Fotocopy,"108,372.00",Expense
1/16/2025,Transportation,Bus,"39,939.00",Expense
1/16/2025,Transportation,Bus,"76,987.00",Expense
1/17/2025,Food,Kucing,"116,733.00",Expense
1/17/2025,Food,Udang,"104,150.00",Expense
1/18/2025,Food,Pelet ikan,"106,494.00",Expense
1/18/2025,Health,Vitamin,"140,735.00",Expense
1/19/2025,Other,Duplikat kunci kost,"136,471.00",Expense
1/19/2025,Entertainment,Bioskop,"132,140.00",Expense
1/20/2025,Entertainment,Kupon,"93,015.00",Expense
1/20/2025,Food,Cumi,"143,852.00",Expense
1/21/2025,Transportation,Top up Gopay,"45,934.00",Expense
1/21/2025,Utilities,Laundry,"53,470.00",Expense
1/22/2025,Transportation,Bus,"55,442.00",Expense
1/22/2025,Food,Bebek,"123,948.00",Expense
1/23/2025,Shopping,Skincare,"128,491.00",Expense
1/23/2025,Shopping,Kerudung,"80,927.00",Expense
1/24/2025,Food,Gohyong,"45,334.00",Expense
1/24/2025,Food,Kambing,"60,329.00",Expense
1/25/2025,Utilities,Galon,"144,629.00",Expense
1/25/2025,Transportation,Grab,"111,498.00",Expense
1/26/2025,Groceries,Stok frozen food,"138,333.00",Expense
1/26/2025,Food,Telur,"47,946.00",Expense
1/27/2025,Shopping,Jajan,"140,421.00",Expense
1/27/2025,Entertainment,Wisata Alam,"116,873.00",Expense
1/28/2025,Food,Roti,"114,606.00",Expense
1/28/2025,Food,Tahu tempe,"120,915.00",Expense
1/29/2025,Food,Semur,"101,627.00",Expense
1/29/2025,Other,Gaji Freelance,"139,894.00",Income
1/30/2025,Transportation,Bus,"31,554.00",Expense
1/30/2025,Utilities,Laundry,"16,456.00",Expense
1/31/2025,Entertainment,Iqiyl,"78,251.00",Expense
1/31/2025,Food,Sapi,"30,448.00",Expense
2/1/2025,Utilities,Galon,"131,079.00",Expense
2/1/2025,Shopping,Skincare,"145,190.00",Expense
2/1/2025,Transportation,Bus,"11,211.00",Expense
2/2/2025,Utilities,Gas,"202,613.00",Expense
2/2/2025,Transportation,Gojek,"237,298.00",Expense
2/2/2025,Health,Vitamin,"220,249.00",Expense
2/3/2025,Food,Ayam,"233,901.00",Expense
2/3/2025,Shopping,Kerudung,"104,779.00",Expense
2/3/2025,Utilities,Laundry,"198,363.00",Expense
2/4/2025,Food,Nasi,"180,961.00",Expense
2/4/2025,Health,Telur,"75,200.00",Expense
2/4/2025,Entertainment,Iqiyl,"102,622.00",Expense
2/5/2025,Food,Sapi,"78,957.00",Expense
2/5/2025,Food,Gohyong,"157,914.00",Expense
2/5/2025,Entertainment,Bioskop,"153,402.00",Expense
2/6/2025,Food,Ayam,"210,846.00",Expense
2/6/2025,Food,Kepiting,"62,607.00",Expense
2/6/2025,Food,Sapi,"29,413.00",Expense
2/7/2025,Entertainment,Togel,"69,181.00",Expense
2/7/2025,Food,Kambing,"193,847.00",Expense
2/7/2025,Shopping,Shopee,"178,248.00",Expense
2/8/2025,Transportation,Bus,"220,286.00",Expense
2/8/2025,Food,Warteg,"217,438.00",Expense
2/8/2025,Food,Cumi,"126,186.00",Expense
2/9/2025,Other,Transfer,"139,283.00",Income
2/9/2025,Utilities,Galon,"59,604.00",Expense
2/9/2025,Transportation,Bus,"237,541.00",Expense
2/10/2025,Utilities,Listrik,"103,199.00",Expense
2/10/2025,Transportation,Bus,"53,809.00",Expense
2/10/2025,Transportation,Bus,"93,102.00",Expense
2/11/2025,Food,Bakso ,"169,640.00",Expense
2/11/2025,Transportation,Grab,"187,861.00",Expense
2/11/2025,Utilities,Gas,"87,581.00",Expense
2/12/2025,Transportation,Bus,"103,525.00",Expense
2/12/2025,Groceries,Belanja,"236,164.00",Expense
2/12/2025,Food,Tahu,"179,853.00",Expense
2/13/2025,Groceries,Jajan,"68,819.00",Expense
2/13/2025,Groceries,Stok frozen food,"201,840.00",Expense
2/13/2025,Groceries,Bahan makanan,"148,826.00",Expense
2/14/2025,Food,Kucing,"59,763.00",Expense
2/14/2025,Utilities,Galon,"236,289.00",Expense
2/14/2025,Utilities,Air PDAM,"24,092.00",Expense
2/15/2025,Food,Pempek,"92,266.00",Expense
2/15/2025,Food,Telur,"15,635.00",Expense
2/15/2025,Utilities,Laundry,"238,933.00",Expense
2/16/2025,Food,Pelet ikan,"22,777.00",Expense
2/16/2025,Mobile Phone,Paket Internet,"66,018.00",Expense
2/16/2025,Food,Telur,"10,380.00",Expense
2/17/2025,Shopping,Peniti,"47,066.00",Expense
2/17/2025,Shopping,Jajan,"207,778.00",Expense
2/17/2025,Utilities,Galon,"52,044.00",Expense
2/18/2025,Other,Duplikat kunci kost,"137,252.00",Expense
2/18/2025,Utilities,Fotocopy,"171,370.00",Expense
2/18/2025,Utilities,Galon,"107,951.00",Expense
2/19/2025,Mobile Phone,Service HP,"152,364.00",Expense
2/19/2025,Entertainment,Wisata Alam,"166,269.00",Expense
2/19/2025,Food,Ayam,"109,955.00",Expense
2/20/2025,Entertainment,Kupon,"214,684.00",Expense
2/20/2025,Shopping,Kemeja,"40,056.00",Expense
2/20/2025,Utilities,Fotocopy,"64,454.00",Expense
2/21/2025,Transportation,Top up Gopay,"85,737.00",Expense
2/21/2025,Food,Roti,"62,736.00",Expense
2/21/2025,Food,Sapi,"116,324.00",Expense
2/22/2025,Transportation,Grab,"157,160.00",Expense
2/22/2025,Transportation,Bus,"49,680.00",Expense
2/22/2025,Transportation,Bus,"73,226.00",Expense
2/23/2025,Utilities,Laundry,"40,906.00",Expense
2/23/2025,Food,Tahu tempe,"190,071.00",Expense
2/23/2025,Entertainment,Togel,"97,072.00",Expense
2/24/2025,Entertainment,Taman Bermain,"123,466.00",Expense
2/24/2025,Utilities,Galon,"128,776.00",Expense
2/24/2025,Food,Udang,"51,848.00",Expense
2/25/2025,Transportation,Bus,"231,833.00",Expense
2/25/2025,Food,Semur,"128,833.00",Expense
2/25/2025,Other,Transfer,"78,312.00",Income
2/26/2025,Utilities,Potong Rambut,"10,254.00",Expense
2/26/2025,Food,Udang,"139,849.00",Expense
2/26/2025,Health,Vitamin,"85,803.00",Expense
2/27/2025,Food,Bebek,"107,428.00",Expense
2/27/2025,Other,Gaji Freelance,"35,353.00",Income
2/27/2025,Food,Bakso ,"101,602.00",Expense
2/28/2025,Transportation,Grab,"107,055.00",Expense
2/28/2025,Food,Ayam Bakar,"44,667.00",Expense
2/28/2025,Entertainment,Bioskop,"71,580.00",Expense
3/1/2025,Utilities,Galon,"94,615.00",Expense
3/1/2025,Other,Gaji Freelance,"60,560.00",Income
3/1/2025,Utilities,Galon,"70,982.00",Expense
3/2/2025,Utilities,Galon,"76,487.00",Expense
3/2/2025,Food,Kucing,"82,329.00",Expense
3/2/2025,Food,Roti,"114,519.00",Expense
3/3/2025,Food,Ayam,"50,453.00",Expense
3/3/2025,Utilities,Laundry,"111,208.00",Expense
3/3/2025,Utilities,Potong Rambut,"79,643.00",Expense
3/4/2025,Utilities,Fotocopy,"107,992.00",Expense
3/4/2025,Food,Pelet ikan,"75,199.00",Expense
3/4/2025,Food,Ayam Bakar,"108,852.00",Expense
3/5/2025,Food,Sapi,"65,645.00",Expense
3/5/2025,Food,Sapi,"75,002.00",Expense
3/5/2025,Food,Semur,"99,218.00",Expense
3/6/2025,Transportation,Bus,"78,013.00",Expense
3/6/2025,Other,Duplikat kunci kost,"108,670.00",Expense
3/6/2025,Transportation,Gojek,"52,308.00",Expense
3/7/2025,Entertainment,Togel,"76,752.00",Expense
3/7/2025,Shopping,Shopee,"71,629.00",Expense
3/7/2025,Transportation,Bus,"110,071.00",Expense
3/8/2025,Food,Udang,"67,187.00",Expense
3/8/2025,Transportation,Bus,"89,489.00",Expense
3/8/2025,Food,Kepiting,"93,272.00",Expense
3/9/2025,Other,Transfer,"72,737.00",Income
3/9/2025,Entertainment,Kupon,"101,525.00",Expense
3/9/2025,Entertainment,Iqiyl,"82,180.00",Expense
3/10/2025,Health,Vitamin,"95,631.00",Expense
3/10/2025,Transportation,Bus,"119,351.00",Expense
3/10/2025,Transportation,Bus,"63,404.00",Expense
3/11/2025,Food,Bakso ,"105,382.00",Expense
3/11/2025,Entertainment,Taman Bermain,"93,081.00",Expense
3/12/2025,Entertainment,Bioskop,"64,023.00",Expense
3/12/2025,Transportation,Top up Gopay,"111,884.00",Expense
3/13/2025,Groceries,Jajan,"93,858.00",Expense
3/13/2025,Utilities,Gas,"69,623.00",Expense
3/14/2025,Food,Cumi,"59,350.00",Expense
3/14/2025,Transportation,Grab,"72,358.00",Expense
3/15/2025,Food,Pempek,"103,535.00",Expense
3/15/2025,Transportation,Bus,"75,014.00",Expense
3/16/2025,Utilities,Laundry,"118,898.00",Expense
3/16/2025,Food,Tahu,"78,826.00",Expense
3/17/2025,Shopping,Peniti,"99,127.00",Expense
3/17/2025,Health,Telur,"75,671.00",Expense
3/18/2025,Food,Bebek,"102,900.00",Expense
3/18/2025,Shopping,Skincare,"105,423.00",Expense
3/19/2025,Mobile Phone,Service HP,"108,279.00",Expense
3/19/2025,Groceries,Bahan makanan,"52,838.00",Expense
3/20/2025,Shopping,Kerudung,"102,358.00",Expense
3/20/2025,Food,Warteg,"82,899.00",Expense
3/21/2025,Utilities,Gas,"116,649.00",Expense
3/21/2025,Food,Gohyong,"88,628.00",Expense
3/22/2025,Food,Kambing,"83,803.00",Expense
3/22/2025,Utilities,Air PDAM,"66,140.00",Expense
3/23/2025,Food,Nasi,"71,505.00",Expense
3/23/2025,Groceries,Belanja,"60,849.00",Expense
3/24/2025,Transportation,Grab,"103,798.00",Expense
3/24/2025,Utilities,Galon,"106,504.00",Expense
3/25/2025,Food,Ayam,"79,312.00",Expense
3/25/2025,Utilities,Laundry,"60,049.00",Expense
3/26/2025,Food,Telur,"108,727.00",Expense
3/26/2025,Mobile Phone,Paket Internet,"57,564.00",Expense
3/27/2025,Transportation,Bus,"95,330.00",Expense
3/27/2025,Groceries,Stok frozen food,"76,811.00",Expense
3/28/2025,Entertainment,Wisata Alam,"51,562.00",Expense
3/28/2025,Food,Telur,"84,880.00",Expense
3/29/2025,Utilities,Listrik,"50,539.00",Expense
3/29/2025,Shopping,Kemeja,"54,305.00",Expense
3/30/2025,Food,Tahu tempe,"63,174.00",Expense
3/30/2025,Shopping,Jajan,"79,614.00",Expense
3/31/2025,Transportation,Bus,"53,115.00",Expense
3/31/2025,Transportation,Grab,"100,052.00",Expense
4/1/2025,Utilities,Galon,"37,341.00",Expense
4/1/2025,Entertainment,Iqiyl,"51,436.00",Expense
4/1/2025,Utilities,Laundry,"72,119.00",Expense
4/2/2025,Food,Ayam,"12,782.00",Expense
4/2/2025,Shopping,Shopee,"81,039.00",Expense
4/2/2025,Food,Sapi,"30,651.00",Expense
4/3/2025,Food,Sapi,"89,676.00",Expense
4/3/2025,Transportation,Bus,"46,935.00",Expense
4/3/2025,Transportation,Bus,"10,406.00",Expense
4/4/2025,Entertainment,Togel,"50,328.00",Expense
4/4/2025,Utilities,Gas,"47,003.00",Expense
4/4/2025,Entertainment,Taman Bermain,"80,211.00",Expense
4/5/2025,Other,Transfer,"20,866.00",Income
4/5/2025,Food,Tahu,"85,001.00",Expense
4/5/2025,Transportation,Grab,"83,642.00",Expense
4/6/2025,Food,Bakso ,"71,422.00",Expense
4/6/2025,Groceries,Bahan makanan,"85,377.00",Expense
4/6/2025,Health,Telur,"52,194.00",Expense
4/7/2025,Groceries,Jajan,"59,803.00",Expense
4/7/2025,Utilities,Air PDAM,"32,098.00",Expense
4/7/2025,Food,Warteg,"89,898.00",Expense
4/8/2025,Food,Pempek,"75,234.00",Expense
4/8/2025,Utilities,Laundry,"45,184.00",Expense
4/8/2025,Groceries,Belanja,"31,316.00",Expense
4/9/2025,Shopping,Peniti,"13,791.00",Expense
4/9/2025,Food,Telur,"82,942.00",Expense
4/9/2025,Mobile Phone,Paket Internet,"14,973.00",Expense
4/10/2025,Mobile Phone,Service HP,"13,397.00",Expense
4/10/2025,Transportation,Grab,"43,433.00",Expense
4/10/2025,Shopping,Kemeja,"60,523.00",Expense
4/11/2025,Utilities,Gas,"53,579.00",Expense
4/11/2025,Utilities,Potong Rambut,"13,729.00",Expense
4/11/2025,Utilities,Galon,"86,917.00",Expense
4/12/2025,Food,Nasi,"20,977.00",Expense
4/12/2025,Transportation,Gojek,"57,654.00",Expense
4/12/2025,Food,Ayam Bakar,"70,562.00",Expense
4/13/2025,Food,Ayam,"12,687.00",Expense
4/13/2025,Food,Kepiting,"79,194.00",Expense
4/14/2025,Transportation,Bus,"11,334.00",Expense
4/14/2025,Transportation,Bus,"96,181.00",Expense
4/15/2025,Utilities,Listrik,"35,163.00",Expense
4/15/2025,Utilities,Galon,"31,494.00",Expense
4/16/2025,Transportation,Bus,"98,223.00",Expense
4/16/2025,Utilities,Fotocopy,"39,089.00",Expense
4/17/2025,Food,Kucing,"55,968.00",Expense
4/17/2025,Transportation,Bus,"61,888.00",Expense
4/18/2025,Food,Pelet ikan,"66,653.00",Expense
4/18/2025,Food,Udang,"19,974.00",Expense
4/19/2025,Other,Duplikat kunci kost,"50,263.00",Expense
4/19/2025,Health,Vitamin,"72,505.00",Expense
4/20/2025,Entertainment,Kupon,"97,034.00",Expense
4/20/2025,Entertainment,Bioskop,"18,133.00",Expense
4/21/2025,Transportation,Top up Gopay,"53,870.00",Expense
4/21/2025,Food,Cumi,"59,780.00",Expense
4/22/2025,Transportation,Bus,"42,634.00",Expense
4/22/2025,Utilities,Laundry,"21,759.00",Expense
4/23/2025,Shopping,Skincare,"18,332.00",Expense
4/23/2025,Food,Bebek,"19,854.00",Expense
4/24/2025,Food,Gohyong,"38,112.00",Expense
4/24/2025,Shopping,Kerudung,"15,042.00",Expense
4/25/2025,Utilities,Galon,"97,896.00",Expense
4/25/2025,Food,Kambing,"96,313.00",Expense
4/26/2025,Groceries,Stok frozen food,"53,278.00",Expense
4/26/2025,Transportation,Grab,"67,380.00",Expense
4/27/2025,Shopping,Jajan,"94,517.00",Expense
4/27/2025,Food,Telur,"90,936.00",Expense
4/28/2025,Food,Roti,"73,097.00",Expense
4/28/2025,Entertainment,Wisata Alam,"65,168.00",Expense
4/29/2025,Food,Semur,"14,401.00",Expense
4/29/2025,Food,Tahu tempe,"53,441.00",Expense
4/30/2025,Transportation,Bus,"98,820.00",Expense
4/30/2025,Other,Gaji Freelance,"64,612.00",Income
5/1/2025,Utilities,Galon,"17,607.00",Expense
5/1/2025,Shopping,Shopee,"297,817.00",Expense
5/1/2025,Transportation,Bus,"7,922.00",Expense
5/2/2025,Food,Ayam,"251,024.00",Expense
5/2/2025,Transportation,Bus,"36,766.00",Expense
5/2/2025,Entertainment,Taman Bermain,"2,585.00",Expense
5/3/2025,Food,Sapi,"156,394.00",Expense
5/3/2025,Utilities,Gas,"151,392.00",Expense
5/3/2025,Transportation,Grab,"3,357.00",Expense
5/4/2025,Entertainment,Togel,"155,238.00",Expense
5/4/2025,Food,Tahu,"163,451.00",Expense
5/4/2025,Health,Telur,"8,759.00",Expense
5/5/2025,Other,Transfer,"21,169.00",Income
5/5/2025,Groceries,Bahan makanan,"200,600.00",Expense
5/5/2025,Food,Warteg,"5,684.00",Expense
5/6/2025,Food,Bakso ,"69,879.00",Expense
5/6/2025,Utilities,Air PDAM,"223,840.00",Expense
5/6/2025,Groceries,Belanja,"5,791.00",Expense
5/7/2025,Groceries,Jajan,"3,077.00",Expense
5/7/2025,Utilities,Laundry,"194,463.00",Expense
5/7/2025,Mobile Phone,Paket Internet,"2,911.00",Expense
5/8/2025,Food,Pempek,"9,046.00",Expense
5/8/2025,Food,Telur,"67,615.00",Expense
5/8/2025,Shopping,Kemeja,"4,909.00",Expense
5/9/2025,Shopping,Peniti,"6,298.00",Expense
5/9/2025,Transportation,Grab,"180,707.00",Expense
5/9/2025,Utilities,Galon,"1,031.00",Expense
5/10/2025,Mobile Phone,Service HP,"4,205.00",Expense
5/10/2025,Utilities,Potong Rambut,"217,267.00",Expense
5/10/2025,Food,Ayam Bakar,"2,241.00",Expense
5/11/2025,Utilities,Gas,"3,255.00",Expense
5/11/2025,Transportation,Gojek,"226,046.00",Expense
5/12/2025,Food,Nasi,"4,965.00",Expense
5/12/2025,Food,Kepiting,"79,327.00",Expense
5/13/2025,Food,Ayam,"8,908.00",Expense
5/13/2025,Transportation,Bus,"166,946.00",Expense
5/14/2025,Transportation,Bus,"5,483.00",Expense
5/14/2025,Utilities,Galon,"248,894.00",Expense
5/15/2025,Utilities,Listrik,"6,161.00",Expense
5/15/2025,Utilities,Fotocopy,"168,127.00",Expense
5/16/2025,Transportation,Bus,"7,460.00",Expense
5/16/2025,Transportation,Bus,"13,178.00",Expense
5/17/2025,Food,Kucing,"1,359.00",Expense
5/17/2025,Food,Udang,"191,249.00",Expense
5/18/2025,Food,Pelet ikan,"5,925.00",Expense
5/18/2025,Health,Vitamin,"154,764.00",Expense
5/19/2025,Other,Duplikat kunci kost,"194,224.00",Expense
5/19/2025,Entertainment,Bioskop,"272,434.00",Expense
5/20/2025,Entertainment,Kupon,"113,835.00",Expense
5/20/2025,Food,Cumi,"7,208.00",Expense
5/21/2025,Transportation,Top up Gopay,"125,650.00",Expense
5/21/2025,Utilities,Laundry,"4,258.00",Expense
5/22/2025,Transportation,Bus,"248,207.00",Expense
5/22/2025,Food,Bebek,"1,939.00",Expense
5/23/2025,Shopping,Skincare,"250,074.00",Expense
5/23/2025,Shopping,Kerudung,"6,989.00",Expense
5/24/2025,Food,Gohyong,"216,889.00",Expense
5/24/2025,Food,Kambing,"5,216.00",Expense
5/25/2025,Utilities,Galon,"254,348.00",Expense
5/25/2025,Transportation,Grab,"5,915.00",Expense
5/26/2025,Groceries,Stok frozen food,"263,145.00",Expense
5/26/2025,Food,Telur,"2,488.00",Expense
5/27/2025,Shopping,Jajan,"85,393.00",Expense
5/27/2025,Entertainment,Wisata Alam,"5,109.00",Expense
5/28/2025,Food,Roti,"205,381.00",Expense
5/28/2025,Food,Tahu tempe,"6,754.00",Expense
5/29/2025,Food,Semur,"228,512.00",Expense
5/29/2025,Other,Gaji Freelance,"8,153.00",Income
5/30/2025,Transportation,Bus,"96,327.00",Expense
5/30/2025,Utilities,Laundry,"7,469.00",Expense
5/31/2025,Entertainment,Iqiyl,"216,998.00",Expense
5/31/2025,Food,Sapi,"5,495.00",Expense
6/1/2025,Utilities,Galon,"45,108.00",Expense
6/1/2025,Entertainment,Iqiyl,"115,329.00",Expense
6/1/2025,Utilities,Laundry,"97,024.00",Expense
6/2/2025,Food,Ayam,"60,815.00",Expense
6/2/2025,Shopping,Shopee,"64,954.00",Expense
6/2/2025,Food,Sapi,"5,483.00",Expense
6/3/2025,Food,Sapi,"110,674.00",Expense
6/3/2025,Transportation,Bus,"49,185.00",Expense
6/3/2025,Transportation,Bus,"73,883.00",Expense
6/4/2025,Entertainment,Togel,"81,620.00",Expense
6/4/2025,Utilities,Gas,"3,201.00",Expense
6/4/2025,Entertainment,Taman Bermain,"78,827.00",Expense
6/5/2025,Other,Transfer,"142,236.00",Income
6/5/2025,Food,Tahu,"67,227.00",Expense
6/5/2025,Transportation,Grab,"14,458.00",Expense
6/6/2025,Food,Bakso ,"118,651.00",Expense
6/6/2025,Groceries,Bahan makanan,"75,478.00",Expense
6/6/2025,Health,Telur,"110,753.00",Expense
6/7/2025,Groceries,Jajan,"115,794.00",Expense
6/7/2025,Utilities,Air PDAM,"25,864.00",Expense
6/7/2025,Food,Warteg,"41,934.00",Expense
6/8/2025,Food,Pempek,"131,944.00",Expense
6/8/2025,Utilities,Laundry,"7,218.00",Expense
6/8/2025,Groceries,Belanja,"1,837.00",Expense
6/9/2025,Shopping,Peniti,"44,426.00",Expense
6/9/2025,Food,Telur,"147,857.00",Expense
6/9/2025,Mobile Phone,Paket Internet,"117,797.00",Expense
6/10/2025,Mobile Phone,Service HP,"120,616.00",Expense
6/10/2025,Transportation,Grab,"148,505.00",Expense
6/10/2025,Shopping,Kemeja,"127,641.00",Expense
6/11/2025,Utilities,Gas,"28,475.00",Expense
6/11/2025,Utilities,Potong Rambut,"14,927.00",Expense
6/11/2025,Utilities,Galon,"9,296.00",Expense
6/12/2025,Food,Nasi,"45,179.00",Expense
6/12/2025,Transportation,Gojek,"75,770.00",Expense
6/12/2025,Food,Ayam Bakar,"76,779.00",Expense
6/13/2025,Food,Ayam,"86,483.00",Expense
6/13/2025,Food,Kepiting,"8,154.00",Expense
6/14/2025,Transportation,Bus,"121,730.00",Expense
6/14/2025,Transportation,Bus,"125,712.00",Expense
6/15/2025,Utilities,Listrik,"62,347.00",Expense
6/15/2025,Utilities,Galon,"79,395.00",Expense
6/16/2025,Transportation,Bus,"94,960.00",Expense
6/16/2025,Utilities,Fotocopy,"1,910.00",Expense
6/17/2025,Food,Kucing,"38,915.00",Expense
6/17/2025,Transportation,Bus,"120,196.00",Expense
6/18/2025,Food,Pelet ikan,"2,566.00",Expense
6/18/2025,Food,Udang,"100,157.00",Expense
6/19/2025,Other,Duplikat kunci kost,"10,748.00",Expense
6/19/2025,Health,Vitamin,"30,944.00",Expense
6/20/2025,Entertainment,Kupon,"42,301.00",Expense
6/20/2025,Entertainment,Bioskop,"2,087.00",Expense
6/21/2025,Transportation,Top up Gopay,"115,579.00",Expense
6/21/2025,Food,Cumi,"142,062.00",Expense
6/22/2025,Transportation,Bus,"5,410.00",Expense
6/22/2025,Utilities,Laundry,"88,354.00",Expense
6/23/2025,Shopping,Skincare,"149,667.00",Expense
6/23/2025,Food,Bebek,"68,251.00",Expense
6/24/2025,Food,Gohyong,"24,678.00",Expense
6/24/2025,Shopping,Kerudung,"100,114.00",Expense
6/25/2025,Utilities,Galon,"37,446.00",Expense
6/25/2025,Food,Kambing,"5,054.00",Expense
6/26/2025,Groceries,Stok frozen food,"78,467.00",Expense
6/26/2025,Transportation,Grab,"136,745.00",Expense
6/27/2025,Shopping,Jajan,"60,310.00",Expense
6/27/2025,Food,Telur,"139,075.00",Expense
6/28/2025,Food,Roti,"104,654.00",Expense
6/28/2025,Entertainment,Wisata Alam,"19,344.00",Expense
6/29/2025,Food,Semur,"95,696.00",Expense
6/29/2025,Food,Tahu tempe,"116,536.00",Expense
6/30/2025,Transportation,Bus,"111,762.00",Expense
6/30/2025,Other,Gaji Freelance,"140,909.00",Income